2026-08-10T08:21:22.611413Z  INFO herdr::platform::macos: raised server file descriptor soft limit previous=256 target=8192
2026-08-10T08:21:22.611798Z  INFO herdr::api::server: api server listening path=/Users/siwe001/.config/herdr/herdr.sock
2026-08-10T08:21:22.612234Z  INFO herdr::app: using pane scrollback configuration pane_scrollback_limit_bytes=10000000
2026-08-10T08:21:22.635366Z  INFO herdr::logging: checking for updates event="update.check.start" subsystem="update" outcome="started"
2026-08-10T08:21:22.654742Z  INFO herdr::logging: spawning pane terminal event="pane.spawn.start" subsystem="pane" outcome="started" pane_id=1 rows=24 cols=80 scrollback_limit_bytes=10000000
2026-08-10T08:21:22.658051Z  INFO herdr::logging: pane child spawned event="pane.spawned" subsystem="pane" outcome="ok" pane_id=1 pid=95978
2026-08-10T08:21:22.659906Z  INFO herdr::logging: workspace created event="workspace.create" subsystem="workspace" outcome="ok" workspace_id="w1" pane_id=1
2026-08-10T08:21:22.659920Z  INFO herdr::logging: workspace focused event="workspace.focus" subsystem="workspace" outcome="ok" workspace_id="w1"
2026-08-10T08:21:22.659937Z  INFO herdr::logging: tab focused event="tab.focus" subsystem="tab" outcome="ok" workspace_id="w1" tab_id="w1:t1"
2026-08-10T08:21:22.659949Z  INFO herdr::server::headless: created startup workspace cwd=/Users/siwe001/code/other/fatta
2026-08-10T08:21:22.660090Z  INFO herdr::server::headless: client protocol socket listening path=/Users/siwe001/.config/herdr/herdr-client.sock
2026-08-10T08:21:22.660115Z  INFO herdr::server::headless: herdr server started api_socket=/Users/siwe001/.config/herdr/herdr.sock client_socket=/Users/siwe001/.config/herdr/herdr-client.sock
2026-08-10T08:21:22.660291Z  INFO herdr::logging: herdr starting event="app.startup" subsystem="server" outcome="started" pid=95921
2026-08-10T08:21:22.754065Z  INFO herdr::server::headless: client connected client_id=2 cols=213 rows=62 cell_width_px=0 cell_height_px=0 render_encoding=SemanticFrame
2026-08-10T08:21:27.667686Z  INFO herdr::logging: session saved event="persist.save" subsystem="persist" outcome="ok" path=/Users/siwe001/.config/herdr/session.json workspaces=1
2026-08-10T08:21:39.624738Z  INFO herdr::logging: pane child exited event="pane.exit" subsystem="pane" outcome="completed" pane_id=1 status="ExitStatus { code: 130, signal: None }"
2026-08-10T08:21:39.626773Z  INFO herdr::pane: pane session terminated pane=1 pid=95978 signal=Hangup
2026-08-10T08:21:39.627207Z  INFO herdr::logging: spawning pane terminal event="pane.spawn.start" subsystem="pane" outcome="started" pane_id=2 rows=61 cols=187 scrollback_limit_bytes=10000000
2026-08-10T08:21:39.637515Z  INFO herdr::logging: pane child spawned event="pane.spawned" subsystem="pane" outcome="ok" pane_id=2 pid=96843
2026-08-10T08:21:39.638216Z  INFO herdr::logging: workspace created event="workspace.create" subsystem="workspace" outcome="ok" workspace_id="w2" pane_id=2
2026-08-10T08:21:39.638295Z  INFO herdr::logging: workspace focused event="workspace.focus" subsystem="workspace" outcome="ok" workspace_id="w2"
2026-08-10T08:21:39.638358Z  INFO herdr::logging: tab focused event="tab.focus" subsystem="tab" outcome="ok" workspace_id="w2" tab_id="w2:t1"
2026-08-10T08:21:41.312628Z  INFO herdr::logging: pane child exited event="pane.exit" subsystem="pane" outcome="completed" pane_id=2 status="ExitStatus { code: 0, signal: None }"
2026-08-10T08:21:41.313387Z  INFO herdr::pane: pane session terminated pane=2 pid=96843 signal=Hangup
2026-08-10T08:21:41.313506Z  INFO herdr::logging: spawning pane terminal event="pane.spawn.start" subsystem="pane" outcome="started" pane_id=3 rows=61 cols=187 scrollback_limit_bytes=10000000
2026-08-10T08:21:41.318389Z  INFO herdr::logging: pane child spawned event="pane.spawned" subsystem="pane" outcome="ok" pane_id=3 pid=97299
2026-08-10T08:21:41.318604Z  INFO herdr::logging: workspace created event="workspace.create" subsystem="workspace" outcome="ok" workspace_id="w3" pane_id=3
2026-08-10T08:21:41.318613Z  INFO herdr::logging: workspace focused event="workspace.focus" subsystem="workspace" outcome="ok" workspace_id="w3"
2026-08-10T08:21:41.318649Z  INFO herdr::logging: tab focused event="tab.focus" subsystem="tab" outcome="ok" workspace_id="w3" tab_id="w3:t1"
2026-08-10T08:21:46.335522Z  INFO herdr::logging: session saved event="persist.save" subsystem="persist" outcome="ok" path=/Users/siwe001/.config/herdr/session.json workspaces=1
2026-08-10T08:51:22.699468Z  INFO herdr::logging: checking for updates event="update.check.start" subsystem="update" outcome="started"
2026-08-10T09:07:05.698877Z  INFO herdr::logging: spawning pane terminal event="pane.spawn.start" subsystem="pane" outcome="started" pane_id=4 rows=61 cols=187 scrollback_limit_bytes=10000000
2026-08-10T09:07:05.704372Z  INFO herdr::logging: pane child spawned event="pane.spawned" subsystem="pane" outcome="ok" pane_id=4 pid=12354
2026-08-10T09:07:05.705876Z  INFO herdr::logging: workspace created event="workspace.create" subsystem="workspace" outcome="ok" workspace_id="w4" pane_id=4
2026-08-10T09:07:05.705964Z  INFO herdr::logging: workspace focused event="workspace.focus" subsystem="workspace" outcome="ok" workspace_id="w4"
2026-08-10T09:07:05.706004Z  INFO herdr::logging: tab focused event="tab.focus" subsystem="tab" outcome="ok" workspace_id="w4" tab_id="w4:t1"
2026-08-10T09:07:10.712343Z  INFO herdr::logging: session saved event="persist.save" subsystem="persist" outcome="ok" path=/Users/siwe001/.config/herdr/session.json workspaces=2
2026-08-10T09:07:12.397718Z  INFO herdr::logging: workspace focused event="workspace.focus" subsystem="workspace" outcome="ok" workspace_id="w3"
2026-08-10T09:07:12.397887Z  INFO herdr::logging: tab focused event="tab.focus" subsystem="tab" outcome="ok" workspace_id="w3" tab_id="w3:t1"
2026-08-10T09:07:17.402352Z  INFO herdr::logging: session saved event="persist.save" subsystem="persist" outcome="ok" path=/Users/siwe001/.config/herdr/session.json workspaces=2
2026-08-10T09:09:13.932495Z  INFO herdr::pane: agent changed pane=3 previous_agent=None agent=Some(Cursor) process=cursor pgid=Some(13668)
2026-08-10T09:11:17.916366Z  INFO herdr::logging: workspace focused event="workspace.focus" subsystem="workspace" outcome="ok" workspace_id="w4"
2026-08-10T09:11:17.917769Z  INFO herdr::logging: tab focused event="tab.focus" subsystem="tab" outcome="ok" workspace_id="w4" tab_id="w4:t1"
2026-08-10T09:11:20.407155Z  INFO herdr::logging: pane child exited event="pane.exit" subsystem="pane" outcome="completed" pane_id=4 status="ExitStatus { code: 0, signal: None }"
2026-08-10T09:11:20.409465Z  INFO herdr::pane: pane session terminated pane=4 pid=12354 signal=Hangup
2026-08-10T09:11:25.422953Z  INFO herdr::logging: session saved event="persist.save" subsystem="persist" outcome="ok" path=/Users/siwe001/.config/herdr/session.json workspaces=1
2026-08-10T09:21:22.695986Z  INFO herdr::logging: checking for updates event="update.check.start" subsystem="update" outcome="started"
2026-08-10T09:51:22.706397Z  INFO herdr::logging: checking for updates event="update.check.start" subsystem="update" outcome="started"
2026-08-10T10:21:22.707958Z  INFO herdr::logging: checking for updates event="update.check.start" subsystem="update" outcome="started"
2026-08-10T10:51:22.711523Z  INFO herdr::logging: checking for updates event="update.check.start" subsystem="update" outcome="started"
2026-08-10T11:21:22.703972Z  INFO herdr::logging: checking for updates event="update.check.start" subsystem="update" outcome="started"
2026-08-10T11:42:10.550372Z  INFO herdr::server::headless: client resize client_id=2 cols=213 rows=61 cell_width_px=0 cell_height_px=0
2026-08-10T13:03:34.932790Z  INFO herdr::server::headless: client resize client_id=2 cols=213 rows=62 cell_width_px=0 cell_height_px=0
2026-08-10T13:03:35.719780Z  INFO herdr::server::headless: client resize client_id=2 cols=213 rows=62 cell_width_px=0 cell_height_px=0
2026-08-10T13:04:00.283580Z  INFO herdr::logging: checking for updates event="update.check.start" subsystem="update" outcome="started"
2026-08-10T13:25:27.570877Z  INFO herdr::logging: spawning pane terminal event="pane.spawn.start" subsystem="pane" outcome="started" pane_id=5 rows=61 cols=187 scrollback_limit_bytes=10000000
2026-08-10T13:25:27.578123Z  INFO herdr::logging: pane child spawned event="pane.spawned" subsystem="pane" outcome="ok" pane_id=5 pid=70422
2026-08-10T13:25:27.580876Z  INFO herdr::logging: tab focused event="tab.focus" subsystem="tab" outcome="ok" workspace_id="w3" tab_id="w3:t2"
2026-08-10T13:25:32.601449Z  INFO herdr::logging: session saved event="persist.save" subsystem="persist" outcome="ok" path=/Users/siwe001/.config/herdr/session.json workspaces=1
2026-08-10T13:26:18.611810Z  INFO herdr::pane: agent changed pane=5 previous_agent=None agent=Some(Cursor) process=cursor pgid=Some(71210)
2026-08-10T13:28:31.080435Z  INFO herdr::logging: spawning pane terminal event="pane.spawn.start" subsystem="pane" outcome="started" pane_id=6 rows=61 cols=187 scrollback_limit_bytes=10000000
2026-08-10T13:28:31.088399Z  INFO herdr::logging: pane child spawned event="pane.spawned" subsystem="pane" outcome="ok" pane_id=6 pid=72314
2026-08-10T13:28:31.089183Z  INFO herdr::logging: tab focused event="tab.focus" subsystem="tab" outcome="ok" workspace_id="w3" tab_id="w3:t3"
2026-08-10T13:28:36.105742Z  INFO herdr::logging: session saved event="persist.save" subsystem="persist" outcome="ok" path=/Users/siwe001/.config/herdr/session.json workspaces=1
2026-08-10T13:30:02.385079Z  INFO herdr::logging: tab focused event="tab.focus" subsystem="tab" outcome="ok" workspace_id="w3" tab_id="w3:t2"
2026-08-10T13:30:07.395013Z  INFO herdr::logging: session saved event="persist.save" subsystem="persist" outcome="ok" path=/Users/siwe001/.config/herdr/session.json workspaces=1
2026-08-10T13:30:08.635058Z  INFO herdr::logging: tab focused event="tab.focus" subsystem="tab" outcome="ok" workspace_id="w3" tab_id="w3:t3"
2026-08-10T13:30:13.648180Z  INFO herdr::logging: session saved event="persist.save" subsystem="persist" outcome="ok" path=/Users/siwe001/.config/herdr/session.json workspaces=1
2026-08-10T13:34:00.265443Z  INFO herdr::logging: checking for updates event="update.check.start" subsystem="update" outcome="started"
2026-08-10T14:04:00.385787Z  INFO herdr::logging: checking for updates event="update.check.start" subsystem="update" outcome="started"
2026-08-10T14:34:00.315399Z  INFO herdr::logging: checking for updates event="update.check.start" subsystem="update" outcome="started"
2026-08-10T17:32:23.297127Z  INFO herdr::logging: checking for updates event="update.check.start" subsystem="update" outcome="started"
2026-08-10T19:10:34.133985Z  INFO herdr::logging: checking for updates event="update.check.start" subsystem="update" outcome="started"
2026-08-10T20:03:49.137760Z  INFO herdr::logging: checking for updates event="update.check.start" subsystem="update" outcome="started"
2026-08-10T22:53:49.212990Z  INFO herdr::logging: checking for updates event="update.check.start" subsystem="update" outcome="started"
2026-08-11T05:59:47.085307Z  INFO herdr::server::headless: client resize client_id=2 cols=213 rows=61 cell_width_px=0 cell_height_px=0
2026-08-11T05:59:49.496667Z  INFO herdr::server::headless: client resize client_id=2 cols=213 rows=62 cell_width_px=0 cell_height_px=0
2026-08-11T05:59:49.615430Z  INFO herdr::server::headless: client resize client_id=2 cols=213 rows=62 cell_width_px=0 cell_height_px=0
2026-08-11T06:03:49.594502Z  INFO herdr::logging: checking for updates event="update.check.start" subsystem="update" outcome="started"
2026-08-11T06:22:21.530013Z  INFO herdr::server::headless: client resize client_id=2 cols=213 rows=64 cell_width_px=0 cell_height_px=0
2026-08-11T06:24:23.885828Z  INFO herdr::logging: pane child exited event="pane.exit" subsystem="pane" outcome="completed" pane_id=6 status="ExitStatus { code: 130, signal: None }"
2026-08-11T06:24:23.888432Z  INFO herdr::pane: pane session terminated pane=6 pid=72314 signal=Hangup
2026-08-11T06:24:28.903563Z  INFO herdr::logging: session saved event="persist.save" subsystem="persist" outcome="ok" path=/Users/siwe001/.config/herdr/session.json workspaces=1
2026-08-11T06:24:29.656428Z  INFO herdr::pane: agent changed pane=5 previous_agent=Some(Cursor) agent=None pgid=Some(70422)
2026-08-11T06:24:30.601313Z  INFO herdr::logging: pane child exited event="pane.exit" subsystem="pane" outcome="completed" pane_id=5 status="ExitStatus { code: 0, signal: None }"
2026-08-11T06:24:30.602662Z  INFO herdr::pane: pane session terminated pane=5 pid=70422 signal=Hangup
2026-08-11T06:24:35.614561Z  INFO herdr::logging: session saved event="persist.save" subsystem="persist" outcome="ok" path=/Users/siwe001/.config/herdr/session.json workspaces=1
2026-08-11T06:25:42.085119Z  INFO herdr::logging: spawning pane terminal event="pane.spawn.start" subsystem="pane" outcome="started" pane_id=7 rows=63 cols=187 scrollback_limit_bytes=10000000
2026-08-11T06:25:42.098241Z  INFO herdr::logging: pane child spawned event="pane.spawned" subsystem="pane" outcome="ok" pane_id=7 pid=51612
2026-08-11T06:25:42.101850Z  INFO herdr::logging: workspace created event="workspace.create" subsystem="workspace" outcome="ok" workspace_id="w5" pane_id=7
2026-08-11T06:25:42.102286Z  INFO herdr::logging: workspace focused event="workspace.focus" subsystem="workspace" outcome="ok" workspace_id="w5"
2026-08-11T06:25:42.102881Z  INFO herdr::logging: tab focused event="tab.focus" subsystem="tab" outcome="ok" workspace_id="w5" tab_id="w5:t1"
2026-08-11T06:25:47.125573Z  INFO herdr::logging: session saved event="persist.save" subsystem="persist" outcome="ok" path=/Users/siwe001/.config/herdr/session.json workspaces=2
2026-08-11T06:26:04.677175Z  INFO herdr::logging: tab focused event="tab.focus" subsystem="tab" outcome="ok" workspace_id="w5" tab_id="w5:t1"
2026-08-11T06:26:09.685522Z  INFO herdr::logging: session saved event="persist.save" subsystem="persist" outcome="ok" path=/Users/siwe001/.config/herdr/session.json workspaces=2
2026-08-11T06:26:13.513926Z  INFO herdr::logging: spawning pane terminal event="pane.spawn.start" subsystem="pane" outcome="started" pane_id=8 rows=63 cols=187 scrollback_limit_bytes=10000000
2026-08-11T06:26:13.523836Z  INFO herdr::logging: pane child spawned event="pane.spawned" subsystem="pane" outcome="ok" pane_id=8 pid=52233
2026-08-11T06:26:13.524536Z  INFO herdr::logging: tab focused event="tab.focus" subsystem="tab" outcome="ok" workspace_id="w5" tab_id="w5:t2"
2026-08-11T06:26:18.538528Z  INFO herdr::logging: session saved event="persist.save" subsystem="persist" outcome="ok" path=/Users/siwe001/.config/herdr/session.json workspaces=2
2026-08-11T06:27:28.813059Z  INFO herdr::logging: workspace focused event="workspace.focus" subsystem="workspace" outcome="ok" workspace_id="w3"
2026-08-11T06:27:28.814238Z  INFO herdr::logging: tab focused event="tab.focus" subsystem="tab" outcome="ok" workspace_id="w3" tab_id="w3:t1"
2026-08-11T06:27:33.823900Z  INFO herdr::logging: session saved event="persist.save" subsystem="persist" outcome="ok" path=/Users/siwe001/.config/herdr/session.json workspaces=2
2026-08-11T06:27:37.979484Z  INFO herdr::pane: agent changed pane=3 previous_agent=Some(Cursor) agent=None pgid=Some(97299)
2026-08-11T06:27:39.905245Z  INFO herdr::logging: pane child exited event="pane.exit" subsystem="pane" outcome="completed" pane_id=3 status="ExitStatus { code: 0, signal: None }"
2026-08-11T06:27:39.906342Z  INFO herdr::pane: pane session terminated pane=3 pid=97299 signal=Hangup
2026-08-11T06:27:44.914080Z  INFO herdr::logging: session saved event="persist.save" subsystem="persist" outcome="ok" path=/Users/siwe001/.config/herdr/session.json workspaces=1
2026-08-11T06:27:47.346279Z  INFO herdr::logging: spawning pane terminal event="pane.spawn.start" subsystem="pane" outcome="started" pane_id=9 rows=63 cols=187 scrollback_limit_bytes=10000000
2026-08-11T06:27:47.355780Z  INFO herdr::logging: pane child spawned event="pane.spawned" subsystem="pane" outcome="ok" pane_id=9 pid=53556
2026-08-11T06:27:47.356567Z  INFO herdr::logging: workspace created event="workspace.create" subsystem="workspace" outcome="ok" workspace_id="w6" pane_id=9
2026-08-11T06:27:47.356667Z  INFO herdr::logging: workspace focused event="workspace.focus" subsystem="workspace" outcome="ok" workspace_id="w6"
2026-08-11T06:27:47.356794Z  INFO herdr::logging: tab focused event="tab.focus" subsystem="tab" outcome="ok" workspace_id="w6" tab_id="w6:t1"
2026-08-11T06:27:52.370102Z  INFO herdr::logging: session saved event="persist.save" subsystem="persist" outcome="ok" path=/Users/siwe001/.config/herdr/session.json workspaces=2
2026-08-11T06:29:26.314655Z  INFO herdr::pane: agent changed pane=9 previous_agent=None agent=Some(Cursor) process=cursor pgid=Some(54472)
2026-08-11T06:33:49.586572Z  INFO herdr::logging: checking for updates event="update.check.start" subsystem="update" outcome="started"
2026-08-11T06:34:29.578231Z  INFO herdr::logging: spawning pane terminal event="pane.spawn.start" subsystem="pane" outcome="started" pane_id=10 rows=63 cols=187 scrollback_limit_bytes=10000000
2026-08-11T06:34:29.585852Z  INFO herdr::logging: pane child spawned event="pane.spawned" subsystem="pane" outcome="ok" pane_id=10 pid=57139
2026-08-11T06:34:29.586278Z  INFO herdr::logging: tab focused event="tab.focus" subsystem="tab" outcome="ok" workspace_id="w6" tab_id="w6:t2"
2026-08-11T06:34:34.596340Z  INFO herdr::logging: session saved event="persist.save" subsystem="persist" outcome="ok" path=/Users/siwe001/.config/herdr/session.json workspaces=2
2026-08-11T06:35:04.456439Z  INFO herdr::logging: tab focused event="tab.focus" subsystem="tab" outcome="ok" workspace_id="w6" tab_id="w6:t1"
2026-08-11T06:35:08.934444Z  INFO herdr::logging: tab focused event="tab.focus" subsystem="tab" outcome="ok" workspace_id="w6" tab_id="w6:t2"
2026-08-11T06:35:13.945860Z  INFO herdr::logging: session saved event="persist.save" subsystem="persist" outcome="ok" path=/Users/siwe001/.config/herdr/session.json workspaces=2
2026-08-11T06:37:59.433490Z  INFO herdr::logging: tab focused event="tab.focus" subsystem="tab" outcome="ok" workspace_id="w6" tab_id="w6:t1"
2026-08-11T06:38:04.444172Z  INFO herdr::logging: session saved event="persist.save" subsystem="persist" outcome="ok" path=/Users/siwe001/.config/herdr/session.json workspaces=2
2026-08-11T06:38:14.487307Z  INFO herdr::logging: tab focused event="tab.focus" subsystem="tab" outcome="ok" workspace_id="w6" tab_id="w6:t2"
2026-08-11T06:38:19.501157Z  INFO herdr::logging: session saved event="persist.save" subsystem="persist" outcome="ok" path=/Users/siwe001/.config/herdr/session.json workspaces=2
2026-08-11T06:38:47.958607Z  INFO herdr::logging: tab focused event="tab.focus" subsystem="tab" outcome="ok" workspace_id="w6" tab_id="w6:t1"
2026-08-11T06:38:52.966867Z  INFO herdr::logging: session saved event="persist.save" subsystem="persist" outcome="ok" path=/Users/siwe001/.config/herdr/session.json workspaces=2
2026-08-11T06:40:31.919436Z  INFO herdr::logging: tab focused event="tab.focus" subsystem="tab" outcome="ok" workspace_id="w6" tab_id="w6:t2"
2026-08-11T06:40:36.931958Z  INFO herdr::logging: session saved event="persist.save" subsystem="persist" outcome="ok" path=/Users/siwe001/.config/herdr/session.json workspaces=2
2026-08-11T06:40:51.776909Z  INFO herdr::logging: tab focused event="tab.focus" subsystem="tab" outcome="ok" workspace_id="w6" tab_id="w6:t1"
2026-08-11T06:40:56.791459Z  INFO herdr::logging: session saved event="persist.save" subsystem="persist" outcome="ok" path=/Users/siwe001/.config/herdr/session.json workspaces=2
2026-08-11T06:45:05.974556Z  INFO herdr::app::actions: copied double-clicked token to clipboard
2026-08-11T07:03:49.541388Z  INFO herdr::logging: checking for updates event="update.check.start" subsystem="update" outcome="started"
2026-08-11T07:19:07.721351Z  INFO herdr::app::actions: copied double-clicked token to clipboard
2026-08-11T07:22:11.081286Z  INFO herdr::logging: tab focused event="tab.focus" subsystem="tab" outcome="ok" workspace_id="w6" tab_id="w6:t2"
2026-08-11T07:22:16.095178Z  INFO herdr::logging: session saved event="persist.save" subsystem="persist" outcome="ok" path=/Users/siwe001/.config/herdr/session.json workspaces=2
2026-08-11T07:22:18.015150Z  INFO herdr::logging: tab focused event="tab.focus" subsystem="tab" outcome="ok" workspace_id="w6" tab_id="w6:t1"
2026-08-11T07:22:23.028547Z  INFO herdr::logging: session saved event="persist.save" subsystem="persist" outcome="ok" path=/Users/siwe001/.config/herdr/session.json workspaces=2
2026-08-11T07:23:13.583861Z  INFO herdr::logging: tab focused event="tab.focus" subsystem="tab" outcome="ok" workspace_id="w6" tab_id="w6:t2"
2026-08-11T07:23:18.601402Z  INFO herdr::logging: session saved event="persist.save" subsystem="persist" outcome="ok" path=/Users/siwe001/.config/herdr/session.json workspaces=2
2026-08-11T07:24:33.255051Z  INFO herdr::logging: tab focused event="tab.focus" subsystem="tab" outcome="ok" workspace_id="w6" tab_id="w6:t1"
2026-08-11T07:24:38.270644Z  INFO herdr::logging: session saved event="persist.save" subsystem="persist" outcome="ok" path=/Users/siwe001/.config/herdr/session.json workspaces=2
2026-08-11T07:33:49.624549Z  INFO herdr::logging: checking for updates event="update.check.start" subsystem="update" outcome="started"
2026-08-11T07:52:22.657651Z  INFO herdr::logging: tab focused event="tab.focus" subsystem="tab" outcome="ok" workspace_id="w6" tab_id="w6:t2"
2026-08-11T07:52:27.485581Z  INFO herdr::pane: agent changed pane=10 previous_agent=None agent=Some(Cursor) process=cursor pgid=Some(91062)
2026-08-11T07:52:27.674459Z  INFO herdr::logging: session saved event="persist.save" subsystem="persist" outcome="ok" path=/Users/siwe001/.config/herdr/session.json workspaces=2
2026-08-11T08:03:49.566010Z  INFO herdr::logging: checking for updates event="update.check.start" subsystem="update" outcome="started"
2026-08-11T08:22:24.618957Z  INFO herdr::pane: agent changed pane=10 previous_agent=Some(Cursor) agent=None pgid=Some(57139)
2026-08-11T08:22:25.577356Z  INFO herdr::logging: pane child exited event="pane.exit" subsystem="pane" outcome="completed" pane_id=10 status="ExitStatus { code: 0, signal: None }"
2026-08-11T08:22:25.580814Z  INFO herdr::pane: pane session terminated pane=10 pid=57139 signal=Hangup
2026-08-11T08:22:27.653384Z  INFO herdr::pane: agent changed pane=9 previous_agent=Some(Cursor) agent=None pgid=Some(53556)
2026-08-11T08:22:29.900778Z  INFO herdr::logging: pane child exited event="pane.exit" subsystem="pane" outcome="completed" pane_id=9 status="ExitStatus { code: 0, signal: None }"
2026-08-11T08:22:29.902303Z  INFO herdr::pane: pane session terminated pane=9 pid=53556 signal=Hangup
2026-08-11T08:22:33.495925Z  INFO herdr::logging: pane child exited event="pane.exit" subsystem="pane" outcome="completed" pane_id=8 status="ExitStatus { code: 0, signal: None }"
2026-08-11T08:22:33.505281Z  INFO herdr::pane: pane session terminated pane=8 pid=52233 signal=Hangup
2026-08-11T08:22:38.514485Z  INFO herdr::logging: session saved event="persist.save" subsystem="persist" outcome="ok" path=/Users/siwe001/.config/herdr/session.json workspaces=1
2026-08-11T08:28:39.366139Z  INFO herdr::logging: workspace renamed event="workspace.rename" subsystem="workspace" outcome="ok" workspace_id="w5"
2026-08-11T08:28:44.373907Z  INFO herdr::logging: session saved event="persist.save" subsystem="persist" outcome="ok" path=/Users/siwe001/.config/herdr/session.json workspaces=1
2026-08-11T08:28:52.557646Z  INFO herdr::logging: workspace focused event="workspace.focus" subsystem="workspace" outcome="ok" workspace_id="w5"
2026-08-11T08:28:52.557791Z  INFO herdr::logging: tab focused event="tab.focus" subsystem="tab" outcome="ok" workspace_id="w5" tab_id="w5:t1"
2026-08-11T08:28:57.564464Z  INFO herdr::logging: session saved event="persist.save" subsystem="persist" outcome="ok" path=/Users/siwe001/.config/herdr/session.json workspaces=1
2026-08-11T08:28:59.094471Z  INFO herdr::logging: pane child exited event="pane.exit" subsystem="pane" outcome="completed" pane_id=7 status="ExitStatus { code: 0, signal: None }"
2026-08-11T08:28:59.097050Z  INFO herdr::pane: pane session terminated pane=7 pid=51612 signal=Hangup
2026-08-11T08:28:59.097907Z  INFO herdr::logging: spawning pane terminal event="pane.spawn.start" subsystem="pane" outcome="started" pane_id=11 rows=63 cols=187 scrollback_limit_bytes=10000000
2026-08-11T08:28:59.107794Z  INFO herdr::logging: pane child spawned event="pane.spawned" subsystem="pane" outcome="ok" pane_id=11 pid=14261
2026-08-11T08:28:59.108771Z  INFO herdr::logging: workspace created event="workspace.create" subsystem="workspace" outcome="ok" workspace_id="w7" pane_id=11
2026-08-11T08:28:59.108853Z  INFO herdr::logging: workspace focused event="workspace.focus" subsystem="workspace" outcome="ok" workspace_id="w7"
2026-08-11T08:28:59.108924Z  INFO herdr::logging: tab focused event="tab.focus" subsystem="tab" outcome="ok" workspace_id="w7" tab_id="w7:t1"
2026-08-11T08:29:03.738100Z  INFO herdr::logging: workspace focused event="workspace.focus" subsystem="workspace" outcome="ok" workspace_id="w7"
2026-08-11T08:29:03.738437Z  INFO herdr::logging: tab focused event="tab.focus" subsystem="tab" outcome="ok" workspace_id="w7" tab_id="w7:t1"
2026-08-11T08:29:08.749964Z  INFO herdr::logging: session saved event="persist.save" subsystem="persist" outcome="ok" path=/Users/siwe001/.config/herdr/session.json workspaces=1
2026-08-11T08:29:31.753281Z  INFO herdr::logging: spawning pane terminal event="pane.spawn.start" subsystem="pane" outcome="started" pane_id=12 rows=63 cols=187 scrollback_limit_bytes=10000000
2026-08-11T08:29:31.764388Z  INFO herdr::logging: pane child spawned event="pane.spawned" subsystem="pane" outcome="ok" pane_id=12 pid=15023
2026-08-11T08:29:31.764996Z  INFO herdr::logging: workspace created event="workspace.create" subsystem="workspace" outcome="ok" workspace_id="w8" pane_id=12
2026-08-11T08:29:31.765064Z  INFO herdr::logging: workspace focused event="workspace.focus" subsystem="workspace" outcome="ok" workspace_id="w8"
2026-08-11T08:29:31.765137Z  INFO herdr::logging: tab focused event="tab.focus" subsystem="tab" outcome="ok" workspace_id="w8" tab_id="w8:t1"
2026-08-11T08:29:36.781808Z  INFO herdr::logging: session saved event="persist.save" subsystem="persist" outcome="ok" path=/Users/siwe001/.config/herdr/session.json workspaces=2
2026-08-11T08:29:48.302119Z  INFO herdr::logging: workspace renamed event="workspace.rename" subsystem="workspace" outcome="ok" workspace_id="w7"
2026-08-11T08:29:52.812623Z  INFO herdr::logging: pane child exited event="pane.exit" subsystem="pane" outcome="completed" pane_id=12 status="ExitStatus { code: 0, signal: None }"
2026-08-11T08:29:52.814967Z  INFO herdr::pane: pane session terminated pane=12 pid=15023 signal=Hangup
2026-08-11T08:29:57.822200Z  INFO herdr::logging: session saved event="persist.save" subsystem="persist" outcome="ok" path=/Users/siwe001/.config/herdr/session.json workspaces=1
2026-08-11T08:30:52.726055Z  INFO herdr::pane: agent changed pane=11 previous_agent=None agent=Some(Cursor) process=cursor pgid=Some(16343)
2026-08-11T08:31:05.130153Z  INFO herdr::logging: spawning pane terminal event="pane.spawn.start" subsystem="pane" outcome="started" pane_id=13 rows=63 cols=187 scrollback_limit_bytes=10000000
2026-08-11T08:31:05.140970Z  INFO herdr::logging: pane child spawned event="pane.spawned" subsystem="pane" outcome="ok" pane_id=13 pid=16704
2026-08-11T08:31:05.141558Z  INFO herdr::logging: tab focused event="tab.focus" subsystem="tab" outcome="ok" workspace_id="w7" tab_id="w7:t2"
2026-08-11T08:31:10.157497Z  INFO herdr::logging: session saved event="persist.save" subsystem="persist" outcome="ok" path=/Users/siwe001/.config/herdr/session.json workspaces=1
2026-08-11T08:31:52.831371Z  INFO herdr::logging: tab focused event="tab.focus" subsystem="tab" outcome="ok" workspace_id="w7" tab_id="w7:t1"
2026-08-11T08:31:57.842441Z  INFO herdr::logging: session saved event="persist.save" subsystem="persist" outcome="ok" path=/Users/siwe001/.config/herdr/session.json workspaces=1
2026-08-11T08:33:49.624067Z  INFO herdr::logging: checking for updates event="update.check.start" subsystem="update" outcome="started"
2026-08-11T09:03:49.647067Z  INFO herdr::logging: checking for updates event="update.check.start" subsystem="update" outcome="started"
2026-08-11T09:11:32.191781Z  INFO herdr::logging: tab focused event="tab.focus" subsystem="tab" outcome="ok" workspace_id="w7" tab_id="w7:t2"
2026-08-11T09:11:37.210843Z  INFO herdr::logging: session saved event="persist.save" subsystem="persist" outcome="ok" path=/Users/siwe001/.config/herdr/session.json workspaces=1
2026-08-11T09:11:39.622173Z  INFO herdr::logging: tab focused event="tab.focus" subsystem="tab" outcome="ok" workspace_id="w7" tab_id="w7:t1"
2026-08-11T09:11:44.642657Z  INFO herdr::logging: session saved event="persist.save" subsystem="persist" outcome="ok" path=/Users/siwe001/.config/herdr/session.json workspaces=1
2026-08-11T09:11:46.035423Z  INFO herdr::logging: tab focused event="tab.focus" subsystem="tab" outcome="ok" workspace_id="w7" tab_id="w7:t2"
2026-08-11T09:11:51.049014Z  INFO herdr::logging: session saved event="persist.save" subsystem="persist" outcome="ok" path=/Users/siwe001/.config/herdr/session.json workspaces=1
2026-08-11T09:18:23.774173Z  INFO herdr::logging: tab focused event="tab.focus" subsystem="tab" outcome="ok" workspace_id="w7" tab_id="w7:t1"
2026-08-11T09:18:28.789430Z  INFO herdr::logging: session saved event="persist.save" subsystem="persist" outcome="ok" path=/Users/siwe001/.config/herdr/session.json workspaces=1
2026-08-11T09:18:32.517143Z  INFO herdr::logging: tab focused event="tab.focus" subsystem="tab" outcome="ok" workspace_id="w7" tab_id="w7:t2"
2026-08-11T09:18:34.574935Z  INFO herdr::logging: tab focused event="tab.focus" subsystem="tab" outcome="ok" workspace_id="w7" tab_id="w7:t1"
2026-08-11T09:18:39.597028Z  INFO herdr::logging: session saved event="persist.save" subsystem="persist" outcome="ok" path=/Users/siwe001/.config/herdr/session.json workspaces=1
2026-08-11T09:28:52.169329Z  INFO herdr::app::actions: copied double-clicked token to clipboard
2026-08-11T09:33:49.654658Z  INFO herdr::logging: checking for updates event="update.check.start" subsystem="update" outcome="started"
2026-08-11T09:37:59.423260Z  INFO herdr::logging: spawning pane terminal event="pane.spawn.start" subsystem="pane" outcome="started" pane_id=14 rows=63 cols=187 scrollback_limit_bytes=10000000
2026-08-11T09:37:59.439982Z  INFO herdr::logging: pane child spawned event="pane.spawned" subsystem="pane" outcome="ok" pane_id=14 pid=59329
2026-08-11T09:37:59.445345Z  INFO herdr::logging: workspace created event="workspace.create" subsystem="workspace" outcome="ok" workspace_id="w9" pane_id=14
2026-08-11T09:37:59.445858Z  INFO herdr::logging: workspace focused event="workspace.focus" subsystem="workspace" outcome="ok" workspace_id="w9"
2026-08-11T09:37:59.445998Z  INFO herdr::logging: tab focused event="tab.focus" subsystem="tab" outcome="ok" workspace_id="w9" tab_id="w9:t1"
2026-08-11T09:38:04.464155Z  INFO herdr::logging: session saved event="persist.save" subsystem="persist" outcome="ok" path=/Users/siwe001/.config/herdr/session.json workspaces=2
2026-08-11T09:38:14.122722Z  INFO herdr::pane: agent changed pane=14 previous_agent=None agent=Some(Cursor) process=cursor pgid=Some(59982)
2026-08-11T09:39:57.157797Z  INFO herdr::pane: agent changed pane=14 previous_agent=Some(Cursor) agent=None pgid=Some(59329)
2026-08-11T09:39:59.688079Z  INFO herdr::pane: agent changed pane=14 previous_agent=None agent=Some(Cursor) process=cursor pgid=Some(61578)
2026-08-11T09:40:05.470837Z  INFO herdr::pane: agent changed pane=14 previous_agent=Some(Cursor) agent=None pgid=Some(59329)
2026-08-11T09:44:21.250255Z  INFO herdr::logging: pane child exited event="pane.exit" subsystem="pane" outcome="completed" pane_id=14 status="ExitStatus { code: 0, signal: None }"
2026-08-11T09:44:21.251730Z  INFO herdr::pane: pane session terminated pane=14 pid=59329 signal=Hangup
2026-08-11T09:44:26.263977Z  INFO herdr::logging: session saved event="persist.save" subsystem="persist" outcome="ok" path=/Users/siwe001/.config/herdr/session.json workspaces=1
2026-08-11T10:03:49.633467Z  INFO herdr::logging: checking for updates event="update.check.start" subsystem="update" outcome="started"
2026-08-11T10:33:49.563217Z  INFO herdr::logging: checking for updates event="update.check.start" subsystem="update" outcome="started"
2026-08-11T10:57:09.159357Z  INFO herdr::logging: spawning pane terminal event="pane.spawn.start" subsystem="pane" outcome="started" pane_id=15 rows=63 cols=187 scrollback_limit_bytes=10000000
2026-08-11T10:57:09.175554Z  INFO herdr::logging: pane child spawned event="pane.spawned" subsystem="pane" outcome="ok" pane_id=15 pid=90969
2026-08-11T10:57:09.176602Z  INFO herdr::logging: tab focused event="tab.focus" subsystem="tab" outcome="ok" workspace_id="w7" tab_id="w7:t3"
2026-08-11T10:57:14.195330Z  INFO herdr::logging: session saved event="persist.save" subsystem="persist" outcome="ok" path=/Users/siwe001/.config/herdr/session.json workspaces=1
2026-08-11T10:57:16.299176Z  INFO herdr::pane: agent changed pane=15 previous_agent=None agent=Some(Cursor) process=cursor pgid=Some(91474)
2026-08-11T11:03:49.631204Z  INFO herdr::logging: checking for updates event="update.check.start" subsystem="update" outcome="started"
2026-08-11T11:33:49.606232Z  INFO herdr::logging: checking for updates event="update.check.start" subsystem="update" outcome="started"
2026-08-11T12:02:50.648866Z  INFO herdr::logging: tab focused event="tab.focus" subsystem="tab" outcome="ok" workspace_id="w7" tab_id="w7:t1"
2026-08-11T12:02:55.659168Z  INFO herdr::logging: session saved event="persist.save" subsystem="persist" outcome="ok" path=/Users/siwe001/.config/herdr/session.json workspaces=1
2026-08-11T12:03:02.241271Z  INFO herdr::logging: tab focused event="tab.focus" subsystem="tab" outcome="ok" workspace_id="w7" tab_id="w7:t2"
2026-08-11T12:03:07.254345Z  INFO herdr::logging: session saved event="persist.save" subsystem="persist" outcome="ok" path=/Users/siwe001/.config/herdr/session.json workspaces=1
2026-08-11T12:03:22.700289Z  INFO herdr::pane: agent changed pane=13 previous_agent=None agent=Some(Cursor) process=cursor pgid=Some(17534)
2026-08-11T12:03:49.643419Z  INFO herdr::logging: checking for updates event="update.check.start" subsystem="update" outcome="started"
2026-08-11T12:33:49.659093Z  INFO herdr::logging: checking for updates event="update.check.start" subsystem="update" outcome="started"
2026-08-11T12:54:41.860913Z  INFO herdr::app::actions: copied selection to clipboard
2026-08-11T13:03:49.660759Z  INFO herdr::logging: checking for updates event="update.check.start" subsystem="update" outcome="started"
2026-08-11T13:46:11.111290Z  INFO herdr::logging: checking for updates event="update.check.start" subsystem="update" outcome="started"
2026-08-11T13:54:52.205690Z  INFO herdr::pane: agent changed pane=13 previous_agent=Some(Cursor) agent=None pgid=Some(16704)
2026-08-11T13:54:53.050728Z  INFO herdr::logging: pane child exited event="pane.exit" subsystem="pane" outcome="completed" pane_id=13 status="ExitStatus { code: 0, signal: None }"
2026-08-11T13:54:53.051402Z  INFO herdr::pane: pane session terminated pane=13 pid=16704 signal=Hangup
2026-08-11T13:54:56.233571Z  INFO herdr::logging: tab focused event="tab.focus" subsystem="tab" outcome="ok" workspace_id="w7" tab_id="w7:t3"
2026-08-11T13:55:01.274797Z  INFO herdr::logging: session saved event="persist.save" subsystem="persist" outcome="ok" path=/Users/siwe001/.config/herdr/session.json workspaces=1
2026-08-11T13:55:04.894530Z  INFO herdr::logging: spawning pane terminal event="pane.spawn.start" subsystem="pane" outcome="started" pane_id=16 rows=63 cols=187 scrollback_limit_bytes=10000000
2026-08-11T13:55:04.902899Z  INFO herdr::logging: pane child spawned event="pane.spawned" subsystem="pane" outcome="ok" pane_id=16 pid=55540
2026-08-11T13:55:04.905100Z  INFO herdr::logging: workspace created event="workspace.create" subsystem="workspace" outcome="ok" workspace_id="wA" pane_id=16
2026-08-11T13:55:04.905274Z  INFO herdr::logging: workspace focused event="workspace.focus" subsystem="workspace" outcome="ok" workspace_id="wA"
2026-08-11T13:55:04.905311Z  INFO herdr::logging: tab focused event="tab.focus" subsystem="tab" outcome="ok" workspace_id="wA" tab_id="wA:t1"
2026-08-11T13:55:07.884411Z  INFO herdr::logging: pane child exited event="pane.exit" subsystem="pane" outcome="completed" pane_id=16 status="ExitStatus { code: 0, signal: None }"
2026-08-11T13:55:07.885792Z  INFO herdr::pane: pane session terminated pane=16 pid=55540 signal=Hangup
2026-08-11T13:55:12.899871Z  INFO herdr::logging: session saved event="persist.save" subsystem="persist" outcome="ok" path=/Users/siwe001/.config/herdr/session.json workspaces=1
2026-08-11T13:55:21.531285Z  INFO herdr::logging: spawning pane terminal event="pane.spawn.start" subsystem="pane" outcome="started" pane_id=17 rows=63 cols=187 scrollback_limit_bytes=10000000
2026-08-11T13:55:21.540672Z  INFO herdr::logging: pane child spawned event="pane.spawned" subsystem="pane" outcome="ok" pane_id=17 pid=56108
2026-08-11T13:55:21.541141Z  INFO herdr::logging: tab renamed event="tab.rename" subsystem="tab" outcome="ok" workspace_id="w7" tab_id="w7:t4"
2026-08-11T13:55:21.541259Z  INFO herdr::logging: tab focused event="tab.focus" subsystem="tab" outcome="ok" workspace_id="w7" tab_id="w7:t4"
2026-08-11T13:55:24.151154Z  INFO herdr::logging: pane child exited event="pane.exit" subsystem="pane" outcome="completed" pane_id=17 status="ExitStatus { code: 0, signal: None }"
2026-08-11T13:55:24.152046Z  INFO herdr::pane: pane session terminated pane=17 pid=56108 signal=Hangup
2026-08-11T13:55:29.160508Z  INFO herdr::logging: session saved event="persist.save" subsystem="persist" outcome="ok" path=/Users/siwe001/.config/herdr/session.json workspaces=1
2026-08-11T14:16:11.045720Z  INFO herdr::logging: checking for updates event="update.check.start" subsystem="update" outcome="started"
2026-08-11T19:40:02.395325Z  INFO herdr::logging: checking for updates event="update.check.start" subsystem="update" outcome="started"
2026-08-11T20:17:39.936578Z  INFO herdr::logging: checking for updates event="update.check.start" subsystem="update" outcome="started"
2026-08-12T04:28:16.606131Z  INFO herdr::logging: checking for updates event="update.check.start" subsystem="update" outcome="started"
2026-08-12T06:13:46.584870Z  INFO herdr::server::headless: client resize client_id=2 cols=213 rows=63 cell_width_px=0 cell_height_px=0
2026-08-12T06:13:46.950413Z  INFO herdr::server::headless: client resize client_id=2 cols=213 rows=63 cell_width_px=0 cell_height_px=0
2026-08-12T06:13:47.488183Z  INFO herdr::server::headless: client resize client_id=2 cols=213 rows=64 cell_width_px=0 cell_height_px=0
2026-08-12T06:13:47.592193Z  INFO herdr::server::headless: client resize client_id=2 cols=213 rows=64 cell_width_px=0 cell_height_px=0
2026-08-12T06:38:20.981271Z  INFO herdr::logging: checking for updates event="update.check.start" subsystem="update" outcome="started"
2026-08-12T06:51:36.235602Z  INFO herdr::server::headless: client resize client_id=2 cols=213 rows=63 cell_width_px=0 cell_height_px=0
2026-08-12T06:51:36.531631Z  INFO herdr::server::headless: client resize client_id=2 cols=213 rows=63 cell_width_px=0 cell_height_px=0
2026-08-12T06:52:21.431582Z  INFO herdr::server::headless: client resize client_id=2 cols=213 rows=64 cell_width_px=0 cell_height_px=0
2026-08-12T06:52:21.645749Z  INFO herdr::server::headless: client resize client_id=2 cols=213 rows=64 cell_width_px=0 cell_height_px=0
2026-08-12T07:10:20.838398Z  INFO herdr::server::headless: client resize client_id=2 cols=213 rows=63 cell_width_px=0 cell_height_px=0
2026-08-12T07:10:20.973223Z  INFO herdr::server::headless: client resize client_id=2 cols=213 rows=63 cell_width_px=0 cell_height_px=0
2026-08-12T07:10:21.816660Z  INFO herdr::server::headless: client resize client_id=2 cols=213 rows=64 cell_width_px=0 cell_height_px=0
2026-08-12T07:14:01.825947Z  INFO herdr::logging: tab focused event="tab.focus" subsystem="tab" outcome="ok" workspace_id="w7" tab_id="w7:t1"
2026-08-12T07:14:06.845536Z  INFO herdr::logging: session saved event="persist.save" subsystem="persist" outcome="ok" path=/Users/siwe001/.config/herdr/session.json workspaces=1
2026-08-12T07:14:06.991400Z  INFO herdr::logging: tab focused event="tab.focus" subsystem="tab" outcome="ok" workspace_id="w7" tab_id="w7:t3"
2026-08-12T07:14:08.359257Z  INFO herdr::logging: tab focused event="tab.focus" subsystem="tab" outcome="ok" workspace_id="w7" tab_id="w7:t1"
2026-08-12T07:14:13.375096Z  INFO herdr::logging: session saved event="persist.save" subsystem="persist" outcome="ok" path=/Users/siwe001/.config/herdr/session.json workspaces=1
2026-08-12T07:14:27.147260Z  INFO herdr::logging: checking for updates event="update.check.start" subsystem="update" outcome="started"
2026-08-12T07:14:44.804027Z  INFO herdr::logging: spawning pane terminal event="pane.spawn.start" subsystem="pane" outcome="started" pane_id=18 rows=63 cols=187 scrollback_limit_bytes=10000000
2026-08-12T07:14:44.820022Z  INFO herdr::logging: pane child spawned event="pane.spawned" subsystem="pane" outcome="ok" pane_id=18 pid=22406
2026-08-12T07:14:44.821056Z  INFO herdr::logging: tab focused event="tab.focus" subsystem="tab" outcome="ok" workspace_id="w7" tab_id="w7:t5"
2026-08-12T07:14:49.838292Z  INFO herdr::logging: session saved event="persist.save" subsystem="persist" outcome="ok" path=/Users/siwe001/.config/herdr/session.json workspaces=1
2026-08-12T07:29:14.349322Z  INFO herdr::logging: pane child exited event="pane.exit" subsystem="pane" outcome="completed" pane_id=18 status="ExitStatus { code: 0, signal: None }"
2026-08-12T07:29:14.352396Z  INFO herdr::pane: pane session terminated pane=18 pid=22406 signal=Hangup
2026-08-12T07:29:19.361425Z  INFO herdr::logging: session saved event="persist.save" subsystem="persist" outcome="ok" path=/Users/siwe001/.config/herdr/session.json workspaces=1
2026-08-12T07:44:27.206760Z  INFO herdr::logging: checking for updates event="update.check.start" subsystem="update" outcome="started"
2026-08-12T07:57:56.082801Z  INFO herdr::logging: spawning pane terminal event="pane.spawn.start" subsystem="pane" outcome="started" pane_id=19 rows=63 cols=187 scrollback_limit_bytes=10000000
2026-08-12T07:57:56.096219Z  INFO herdr::logging: pane child spawned event="pane.spawned" subsystem="pane" outcome="ok" pane_id=19 pid=51174
2026-08-12T07:57:56.097398Z  INFO herdr::logging: tab focused event="tab.focus" subsystem="tab" outcome="ok" workspace_id="w7" tab_id="w7:t6"
2026-08-12T07:58:01.117314Z  INFO herdr::logging: session saved event="persist.save" subsystem="persist" outcome="ok" path=/Users/siwe001/.config/herdr/session.json workspaces=1
2026-08-12T08:14:27.220560Z  INFO herdr::logging: checking for updates event="update.check.start" subsystem="update" outcome="started"
2026-08-12T08:44:27.248171Z  INFO herdr::logging: checking for updates event="update.check.start" subsystem="update" outcome="started"
2026-08-12T09:14:27.176876Z  INFO herdr::logging: checking for updates event="update.check.start" subsystem="update" outcome="started"
2026-08-12T09:20:28.582176Z  INFO herdr::server::headless: client resize client_id=2 cols=213 rows=62 cell_width_px=0 cell_height_px=0
2026-08-12T09:44:27.150986Z  INFO herdr::logging: checking for updates event="update.check.start" subsystem="update" outcome="started"
2026-08-12T10:14:27.257734Z  INFO herdr::logging: checking for updates event="update.check.start" subsystem="update" outcome="started"
2026-08-12T10:44:27.184124Z  INFO herdr::logging: checking for updates event="update.check.start" subsystem="update" outcome="started"
2026-08-12T11:14:27.244833Z  INFO herdr::logging: checking for updates event="update.check.start" subsystem="update" outcome="started"
2026-08-12T11:18:37.646214Z  INFO herdr::server::headless: client resize client_id=2 cols=213 rows=64 cell_width_px=0 cell_height_px=0
2026-08-12T11:24:50.714845Z  INFO herdr::server::headless: client resize client_id=2 cols=213 rows=62 cell_width_px=0 cell_height_px=0
2026-08-12T11:44:27.254499Z  INFO herdr::logging: checking for updates event="update.check.start" subsystem="update" outcome="started"
2026-08-12T12:14:27.244310Z  INFO herdr::logging: checking for updates event="update.check.start" subsystem="update" outcome="started"
2026-08-12T12:44:27.239820Z  INFO herdr::logging: checking for updates event="update.check.start" subsystem="update" outcome="started"
2026-08-12T13:14:27.181181Z  INFO herdr::logging: checking for updates event="update.check.start" subsystem="update" outcome="started"
2026-08-12T13:23:03.600336Z  INFO herdr::server::headless: client resize client_id=2 cols=213 rows=64 cell_width_px=0 cell_height_px=0
2026-08-12T13:44:27.232124Z  INFO herdr::logging: checking for updates event="update.check.start" subsystem="update" outcome="started"
2026-08-12T14:20:12.822181Z  INFO herdr::logging: checking for updates event="update.check.start" subsystem="update" outcome="started"
2026-08-13T00:42:10.029514Z  INFO herdr::logging: checking for updates event="update.check.start" subsystem="update" outcome="started"
2026-08-13T00:42:10.241382Z  WARN herdr::detect::manifest_update: skipping unknown remote manifest agent agent="qwen"
2026-08-13T06:02:17.033303Z  INFO herdr::server::headless: client resize client_id=2 cols=213 rows=63 cell_width_px=0 cell_height_px=0
2026-08-13T06:02:17.525825Z  INFO herdr::server::headless: client resize client_id=2 cols=213 rows=63 cell_width_px=0 cell_height_px=0
2026-08-13T06:03:07.422247Z  INFO herdr::server::headless: client resize client_id=2 cols=213 rows=63 cell_width_px=0 cell_height_px=0
2026-08-13T06:03:07.670674Z  INFO herdr::server::headless: client resize client_id=2 cols=213 rows=64 cell_width_px=0 cell_height_px=0
2026-08-13T06:16:16.967611Z  INFO herdr::logging: checking for updates event="update.check.start" subsystem="update" outcome="started"
2026-08-13T06:16:17.091779Z  WARN herdr::detect::manifest_update: skipping unknown remote manifest agent agent="qwen"
2026-08-13T06:46:17.078104Z  INFO herdr::logging: checking for updates event="update.check.start" subsystem="update" outcome="started"
2026-08-13T06:46:17.187365Z  WARN herdr::detect::manifest_update: skipping unknown remote manifest agent agent="qwen"
2026-08-13T07:09:12.324500Z  INFO herdr::server::headless: client resize client_id=2 cols=213 rows=63 cell_width_px=0 cell_height_px=0
2026-08-13T07:09:12.639626Z  INFO herdr::server::headless: client resize client_id=2 cols=213 rows=63 cell_width_px=0 cell_height_px=0
2026-08-13T07:09:14.157202Z  INFO herdr::server::headless: client resize client_id=2 cols=213 rows=63 cell_width_px=0 cell_height_px=0
2026-08-13T07:09:14.603655Z  INFO herdr::server::headless: client resize client_id=2 cols=213 rows=64 cell_width_px=0 cell_height_px=0
2026-08-13T07:09:14.743648Z  INFO herdr::server::headless: client resize client_id=2 cols=213 rows=64 cell_width_px=0 cell_height_px=0
2026-08-13T07:09:57.899530Z  INFO herdr::logging: tab focused event="tab.focus" subsystem="tab" outcome="ok" workspace_id="w7" tab_id="w7:t3"
2026-08-13T07:10:02.683062Z  INFO herdr::logging: tab focused event="tab.focus" subsystem="tab" outcome="ok" workspace_id="w7" tab_id="w7:t1"
2026-08-13T07:10:07.055360Z  INFO herdr::logging: spawning pane terminal event="pane.spawn.start" subsystem="pane" outcome="started" pane_id=20 rows=63 cols=187 scrollback_limit_bytes=10000000
2026-08-13T07:10:07.068907Z  INFO herdr::logging: pane child spawned event="pane.spawned" subsystem="pane" outcome="ok" pane_id=20 pid=2486
2026-08-13T07:10:07.074356Z  INFO herdr::logging: workspace created event="workspace.create" subsystem="workspace" outcome="ok" workspace_id="wB" pane_id=20
2026-08-13T07:10:07.074477Z  INFO herdr::logging: workspace focused event="workspace.focus" subsystem="workspace" outcome="ok" workspace_id="wB"
2026-08-13T07:10:07.074539Z  INFO herdr::logging: tab focused event="tab.focus" subsystem="tab" outcome="ok" workspace_id="wB" tab_id="wB:t1"
2026-08-13T07:10:12.088343Z  INFO herdr::logging: session saved event="persist.save" subsystem="persist" outcome="ok" path=/Users/siwe001/.config/herdr/session.json workspaces=2
2026-08-13T07:10:32.846899Z  INFO herdr::pane: agent changed pane=20 previous_agent=None agent=Some(Cursor) process=cursor pgid=Some(3690)
2026-08-13T07:12:51.640020Z  INFO herdr::pane: agent changed pane=20 previous_agent=Some(Cursor) agent=None pgid=Some(2486)
2026-08-13T07:12:52.158449Z  INFO herdr::logging: pane child exited event="pane.exit" subsystem="pane" outcome="completed" pane_id=20 status="ExitStatus { code: 0, signal: None }"
2026-08-13T07:12:52.159287Z  INFO herdr::pane: pane session terminated pane=20 pid=2486 signal=Hangup
2026-08-13T07:12:57.167604Z  INFO herdr::logging: session saved event="persist.save" subsystem="persist" outcome="ok" path=/Users/siwe001/.config/herdr/session.json workspaces=1
2026-08-13T07:13:52.489344Z  INFO herdr::logging: tab focused event="tab.focus" subsystem="tab" outcome="ok" workspace_id="w7" tab_id="w7:t6"
2026-08-13T07:13:57.499708Z  INFO herdr::logging: session saved event="persist.save" subsystem="persist" outcome="ok" path=/Users/siwe001/.config/herdr/session.json workspaces=1
2026-08-13T07:19:55.278232Z  INFO herdr::logging: checking for updates event="update.check.start" subsystem="update" outcome="started"
2026-08-13T07:19:56.848776Z  WARN herdr::detect::manifest_update: skipping unknown remote manifest agent agent="qwen"
2026-08-13T07:44:57.983214Z  INFO herdr::app::actions: copied double-clicked token to clipboard
2026-08-13T07:49:55.279812Z  INFO herdr::logging: checking for updates event="update.check.start" subsystem="update" outcome="started"
2026-08-13T07:49:55.391189Z  WARN herdr::detect::manifest_update: skipping unknown remote manifest agent agent="qwen"
2026-08-13T08:19:55.259814Z  INFO herdr::logging: checking for updates event="update.check.start" subsystem="update" outcome="started"
2026-08-13T08:19:55.368333Z  WARN herdr::detect::manifest_update: skipping unknown remote manifest agent agent="qwen"
2026-08-13T08:49:55.232836Z  INFO herdr::logging: checking for updates event="update.check.start" subsystem="update" outcome="started"
2026-08-13T08:49:55.334114Z  WARN herdr::detect::manifest_update: skipping unknown remote manifest agent agent="qwen"
2026-08-13T09:19:55.253680Z  INFO herdr::logging: checking for updates event="update.check.start" subsystem="update" outcome="started"
2026-08-13T09:19:55.362106Z  WARN herdr::detect::manifest_update: skipping unknown remote manifest agent agent="qwen"
2026-08-13T09:49:55.259840Z  INFO herdr::logging: checking for updates event="update.check.start" subsystem="update" outcome="started"
2026-08-13T09:49:55.401805Z  WARN herdr::detect::manifest_update: skipping unknown remote manifest agent agent="qwen"
2026-08-13T10:19:55.277172Z  INFO herdr::logging: checking for updates event="update.check.start" subsystem="update" outcome="started"
2026-08-13T10:19:55.454935Z  WARN herdr::detect::manifest_update: skipping unknown remote manifest agent agent="qwen"
2026-08-13T10:49:55.186489Z  INFO herdr::logging: checking for updates event="update.check.start" subsystem="update" outcome="started"
2026-08-13T10:49:55.570256Z  WARN herdr::detect::manifest_update: skipping unknown remote manifest agent agent="qwen"
2026-08-13T11:19:55.160842Z  INFO herdr::logging: checking for updates event="update.check.start" subsystem="update" outcome="started"
2026-08-13T11:19:55.636340Z  WARN herdr::detect::manifest_update: skipping unknown remote manifest agent agent="qwen"
2026-08-13T11:48:01.760114Z  INFO herdr::server::headless: client resize client_id=2 cols=213 rows=62 cell_width_px=0 cell_height_px=0
2026-08-13T11:48:04.939005Z  INFO herdr::server::headless: client resize client_id=2 cols=213 rows=64 cell_width_px=0 cell_height_px=0
2026-08-13T11:48:13.420709Z  INFO herdr::logging: spawning pane terminal event="pane.spawn.start" subsystem="pane" outcome="started" pane_id=21 rows=63 cols=187 scrollback_limit_bytes=10000000
2026-08-13T11:48:13.424486Z  INFO herdr::logging: pane child spawned event="pane.spawned" subsystem="pane" outcome="ok" pane_id=21 pid=96707
2026-08-13T11:48:13.425281Z  INFO herdr::logging: tab focused event="tab.focus" subsystem="tab" outcome="ok" workspace_id="w7" tab_id="w7:t7"
2026-08-13T11:48:18.441907Z  INFO herdr::logging: session saved event="persist.save" subsystem="persist" outcome="ok" path=/Users/siwe001/.config/herdr/session.json workspaces=1
2026-08-13T11:49:55.249180Z  INFO herdr::logging: checking for updates event="update.check.start" subsystem="update" outcome="started"
2026-08-13T11:49:55.523560Z  WARN herdr::detect::manifest_update: skipping unknown remote manifest agent agent="qwen"
2026-08-13T11:50:08.666127Z  INFO herdr::logging: tab focused event="tab.focus" subsystem="tab" outcome="ok" workspace_id="w7" tab_id="w7:t6"
2026-08-13T11:50:13.679765Z  INFO herdr::logging: session saved event="persist.save" subsystem="persist" outcome="ok" path=/Users/siwe001/.config/herdr/session.json workspaces=1
2026-08-13T11:51:50.834132Z  INFO herdr::app::actions: copied selection to clipboard
2026-08-13T11:54:01.271585Z  INFO herdr::app::actions: copied selection to clipboard
2026-08-13T11:58:11.343305Z  INFO herdr::server::headless: client resize client_id=2 cols=213 rows=62 cell_width_px=0 cell_height_px=0
2026-08-13T12:19:55.267960Z  INFO herdr::logging: checking for updates event="update.check.start" subsystem="update" outcome="started"
2026-08-13T12:19:55.630614Z  WARN herdr::detect::manifest_update: skipping unknown remote manifest agent agent="qwen"
2026-08-13T12:21:54.055420Z  INFO herdr::app::actions: copied selection to clipboard
2026-08-13T12:21:59.205664Z  INFO herdr::logging: session saved event="persist.save" subsystem="persist" outcome="ok" path=/Users/siwe001/.config/herdr/session.json workspaces=1
2026-08-13T12:22:52.556354Z  INFO herdr::app::actions: copied selection to clipboard
2026-08-13T12:49:55.282022Z  INFO herdr::logging: checking for updates event="update.check.start" subsystem="update" outcome="started"
2026-08-13T12:49:55.425261Z  WARN herdr::detect::manifest_update: skipping unknown remote manifest agent agent="qwen"
2026-08-13T13:19:55.211400Z  INFO herdr::logging: checking for updates event="update.check.start" subsystem="update" outcome="started"
2026-08-13T13:19:55.323036Z  WARN herdr::detect::manifest_update: skipping unknown remote manifest agent agent="qwen"
2026-08-13T13:49:55.198267Z  INFO herdr::logging: checking for updates event="update.check.start" subsystem="update" outcome="started"
2026-08-13T13:49:55.350508Z  WARN herdr::detect::manifest_update: skipping unknown remote manifest agent agent="qwen"
2026-08-13T16:03:04.680571Z  INFO herdr::logging: checking for updates event="update.check.start" subsystem="update" outcome="started"
2026-08-13T16:03:04.823348Z  WARN herdr::detect::manifest_update: skipping unknown remote manifest agent agent="qwen"
2026-08-13T16:35:14.370058Z  INFO herdr::logging: checking for updates event="update.check.start" subsystem="update" outcome="started"
2026-08-13T16:35:14.564460Z  WARN herdr::detect::manifest_update: skipping unknown remote manifest agent agent="qwen"
2026-08-13T16:50:05.582563Z  INFO herdr::server::headless: client resize client_id=2 cols=213 rows=61 cell_width_px=0 cell_height_px=0
2026-08-13T16:50:05.994544Z  INFO herdr::server::headless: client resize client_id=2 cols=213 rows=61 cell_width_px=0 cell_height_px=0
2026-08-13T16:50:06.632171Z  INFO herdr::server::headless: client resize client_id=2 cols=213 rows=61 cell_width_px=0 cell_height_px=0
2026-08-13T23:23:06.567301Z  INFO herdr::logging: checking for updates event="update.check.start" subsystem="update" outcome="started"
2026-08-13T23:23:24.622696Z  WARN herdr::detect::manifest_update: agent detection manifest update failed: failed to fetch https://herdr.dev/agent-detection/index.toml
2026-08-14T06:09:53.704390Z  INFO herdr::server::headless: client resize client_id=2 cols=213 rows=61 cell_width_px=0 cell_height_px=0
2026-08-14T06:09:54.179826Z  INFO herdr::server::headless: client resize client_id=2 cols=213 rows=62 cell_width_px=0 cell_height_px=0
2026-08-14T06:09:54.837702Z  INFO herdr::server::headless: client resize client_id=2 cols=213 rows=62 cell_width_px=0 cell_height_px=0
2026-08-14T06:14:58.449829Z  INFO herdr::logging: checking for updates event="update.check.start" subsystem="update" outcome="started"
2026-08-14T06:14:58.566092Z  WARN herdr::detect::manifest_update: skipping unknown remote manifest agent agent="qwen"
2026-08-14T06:44:58.353914Z  INFO herdr::logging: checking for updates event="update.check.start" subsystem="update" outcome="started"
2026-08-14T06:44:58.574567Z  WARN herdr::detect::manifest_update: skipping unknown remote manifest agent agent="qwen"
2026-08-14T07:14:58.264769Z  INFO herdr::logging: checking for updates event="update.check.start" subsystem="update" outcome="started"
2026-08-14T07:14:58.414525Z  WARN herdr::detect::manifest_update: skipping unknown remote manifest agent agent="qwen"
2026-08-14T07:44:58.634911Z  INFO herdr::logging: checking for updates event="update.check.start" subsystem="update" outcome="started"
2026-08-14T07:44:58.766478Z  WARN herdr::detect::manifest_update: skipping unknown remote manifest agent agent="qwen"
2026-08-14T08:14:58.647462Z  INFO herdr::logging: checking for updates event="update.check.start" subsystem="update" outcome="started"
2026-08-14T08:14:59.595989Z  WARN herdr::detect::manifest_update: skipping unknown remote manifest agent agent="qwen"
2026-08-14T08:44:58.733606Z  INFO herdr::logging: checking for updates event="update.check.start" subsystem="update" outcome="started"
2026-08-14T08:44:59.623226Z  WARN herdr::detect::manifest_update: skipping unknown remote manifest agent agent="qwen"
2026-08-14T08:48:41.146293Z  INFO herdr::server::headless: client resize client_id=2 cols=213 rows=61 cell_width_px=0 cell_height_px=0
2026-08-14T08:48:43.129898Z  INFO herdr::server::headless: client resize client_id=2 cols=213 rows=61 cell_width_px=0 cell_height_px=0
2026-08-14T08:48:43.782340Z  INFO herdr::server::headless: client resize client_id=2 cols=213 rows=62 cell_width_px=0 cell_height_px=0
2026-08-14T08:48:44.242908Z  INFO herdr::server::headless: client resize client_id=2 cols=213 rows=62 cell_width_px=0 cell_height_px=0
2026-08-14T09:16:03.222240Z  INFO herdr::logging: checking for updates event="update.check.start" subsystem="update" outcome="started"
2026-08-14T09:16:03.357150Z  WARN herdr::detect::manifest_update: skipping unknown remote manifest agent agent="qwen"
2026-08-14T09:46:03.127923Z  INFO herdr::logging: checking for updates event="update.check.start" subsystem="update" outcome="started"
2026-08-14T09:46:03.242662Z  WARN herdr::detect::manifest_update: skipping unknown remote manifest agent agent="qwen"
2026-08-14T10:16:03.106775Z  INFO herdr::logging: checking for updates event="update.check.start" subsystem="update" outcome="started"
2026-08-14T10:16:03.813655Z  WARN herdr::detect::manifest_update: skipping unknown remote manifest agent agent="qwen"
2026-08-14T10:46:03.091580Z  INFO herdr::logging: checking for updates event="update.check.start" subsystem="update" outcome="started"
2026-08-14T10:46:03.929036Z  WARN herdr::detect::manifest_update: skipping unknown remote manifest agent agent="qwen"
2026-08-14T11:16:03.213179Z  INFO herdr::logging: checking for updates event="update.check.start" subsystem="update" outcome="started"
2026-08-14T11:16:03.392233Z  WARN herdr::detect::manifest_update: skipping unknown remote manifest agent agent="qwen"
2026-08-14T11:22:32.643970Z  INFO herdr::logging: pane child exited event="pane.exit" subsystem="pane" outcome="completed" pane_id=19 status="ExitStatus { code: 130, signal: None }"
2026-08-14T11:22:32.645727Z  INFO herdr::pane: pane session terminated pane=19 pid=51174 signal=Hangup
2026-08-14T11:22:37.663814Z  INFO herdr::logging: session saved event="persist.save" subsystem="persist" outcome="ok" path=/Users/siwe001/.config/herdr/session.json workspaces=1
2026-08-14T11:22:46.176704Z  INFO herdr::logging: tab focused event="tab.focus" subsystem="tab" outcome="ok" workspace_id="w7" tab_id="w7:t7"
2026-08-14T11:22:48.362155Z  INFO herdr::logging: pane child exited event="pane.exit" subsystem="pane" outcome="completed" pane_id=21 status="ExitStatus { code: 1, signal: None }"
2026-08-14T11:22:48.362426Z  INFO herdr::pane: pane session terminated pane=21 pid=96707 signal=Hangup
2026-08-14T11:22:52.335989Z  INFO herdr::logging: spawning pane terminal event="pane.spawn.start" subsystem="pane" outcome="started" pane_id=22 rows=61 cols=187 scrollback_limit_bytes=10000000
2026-08-14T11:22:52.348246Z  INFO herdr::logging: pane child spawned event="pane.spawned" subsystem="pane" outcome="ok" pane_id=22 pid=83903
2026-08-14T11:22:52.350910Z  INFO herdr::logging: workspace created event="workspace.create" subsystem="workspace" outcome="ok" workspace_id="wC" pane_id=22
2026-08-14T11:22:52.351397Z  INFO herdr::logging: workspace focused event="workspace.focus" subsystem="workspace" outcome="ok" workspace_id="wC"
2026-08-14T11:22:52.351471Z  INFO herdr::logging: tab focused event="tab.focus" subsystem="tab" outcome="ok" workspace_id="wC" tab_id="wC:t1"
2026-08-14T11:22:57.363661Z  INFO herdr::logging: session saved event="persist.save" subsystem="persist" outcome="ok" path=/Users/siwe001/.config/herdr/session.json workspaces=2
2026-08-14T11:23:09.538805Z  INFO herdr::pane: agent changed pane=22 previous_agent=None agent=Some(Cursor) process=cursor pgid=Some(84637)
2026-08-14T11:24:12.187789Z  INFO herdr::logging: spawning pane terminal event="pane.spawn.start" subsystem="pane" outcome="started" pane_id=23 rows=61 cols=187 scrollback_limit_bytes=10000000
2026-08-14T11:24:12.197996Z  INFO herdr::logging: pane child spawned event="pane.spawned" subsystem="pane" outcome="ok" pane_id=23 pid=85936
2026-08-14T11:24:12.198482Z  INFO herdr::logging: tab focused event="tab.focus" subsystem="tab" outcome="ok" workspace_id="wC" tab_id="wC:t2"
2026-08-14T11:24:17.216371Z  INFO herdr::logging: session saved event="persist.save" subsystem="persist" outcome="ok" path=/Users/siwe001/.config/herdr/session.json workspaces=2
2026-08-14T11:24:54.345662Z  INFO herdr::logging: tab focused event="tab.focus" subsystem="tab" outcome="ok" workspace_id="wC" tab_id="wC:t1"
2026-08-14T11:24:59.356768Z  INFO herdr::logging: session saved event="persist.save" subsystem="persist" outcome="ok" path=/Users/siwe001/.config/herdr/session.json workspaces=2
2026-08-14T11:25:43.796219Z  INFO herdr::logging: tab focused event="tab.focus" subsystem="tab" outcome="ok" workspace_id="wC" tab_id="wC:t2"
2026-08-14T11:25:48.801616Z  INFO herdr::logging: session saved event="persist.save" subsystem="persist" outcome="ok" path=/Users/siwe001/.config/herdr/session.json workspaces=2
2026-08-14T11:35:23.083310Z  INFO herdr::logging: spawning pane terminal event="pane.spawn.start" subsystem="pane" outcome="started" pane_id=24 rows=61 cols=187 scrollback_limit_bytes=10000000
2026-08-14T11:35:23.108765Z  INFO herdr::logging: pane child spawned event="pane.spawned" subsystem="pane" outcome="ok" pane_id=24 pid=96998
2026-08-14T11:35:23.108969Z  INFO herdr::logging: tab focused event="tab.focus" subsystem="tab" outcome="ok" workspace_id="wC" tab_id="wC:t3"
2026-08-14T11:35:28.117629Z  INFO herdr::logging: session saved event="persist.save" subsystem="persist" outcome="ok" path=/Users/siwe001/.config/herdr/session.json workspaces=2
2026-08-14T11:35:31.809967Z  INFO herdr::logging: tab focused event="tab.focus" subsystem="tab" outcome="ok" workspace_id="wC" tab_id="wC:t1"
2026-08-14T11:35:36.818751Z  INFO herdr::logging: session saved event="persist.save" subsystem="persist" outcome="ok" path=/Users/siwe001/.config/herdr/session.json workspaces=2
2026-08-14T11:36:47.192562Z  INFO herdr::logging: tab focused event="tab.focus" subsystem="tab" outcome="ok" workspace_id="wC" tab_id="wC:t2"
2026-08-14T11:36:52.201100Z  INFO herdr::logging: session saved event="persist.save" subsystem="persist" outcome="ok" path=/Users/siwe001/.config/herdr/session.json workspaces=2
2026-08-14T11:37:09.009186Z  INFO herdr::logging: tab focused event="tab.focus" subsystem="tab" outcome="ok" workspace_id="wC" tab_id="wC:t1"
2026-08-14T11:37:14.015880Z  INFO herdr::logging: session saved event="persist.save" subsystem="persist" outcome="ok" path=/Users/siwe001/.config/herdr/session.json workspaces=2
2026-08-14T11:37:40.275937Z  INFO herdr::logging: tab focused event="tab.focus" subsystem="tab" outcome="ok" workspace_id="wC" tab_id="wC:t2"
2026-08-14T11:37:45.288173Z  INFO herdr::logging: session saved event="persist.save" subsystem="persist" outcome="ok" path=/Users/siwe001/.config/herdr/session.json workspaces=2
2026-08-14T11:37:49.309313Z  INFO herdr::logging: tab focused event="tab.focus" subsystem="tab" outcome="ok" workspace_id="wC" tab_id="wC:t3"
2026-08-14T11:37:51.742135Z  INFO herdr::logging: tab focused event="tab.focus" subsystem="tab" outcome="ok" workspace_id="wC" tab_id="wC:t1"
2026-08-14T11:37:56.747071Z  INFO herdr::logging: session saved event="persist.save" subsystem="persist" outcome="ok" path=/Users/siwe001/.config/herdr/session.json workspaces=2
2026-08-14T11:38:13.502912Z  INFO herdr::logging: tab focused event="tab.focus" subsystem="tab" outcome="ok" workspace_id="wC" tab_id="wC:t3"
2026-08-14T11:38:18.512128Z  INFO herdr::logging: session saved event="persist.save" subsystem="persist" outcome="ok" path=/Users/siwe001/.config/herdr/session.json workspaces=2
2026-08-14T11:40:16.974558Z  INFO herdr::logging: tab focused event="tab.focus" subsystem="tab" outcome="ok" workspace_id="wC" tab_id="wC:t2"
2026-08-14T11:40:21.791472Z  INFO herdr::logging: tab focused event="tab.focus" subsystem="tab" outcome="ok" workspace_id="wC" tab_id="wC:t3"
2026-08-14T11:40:26.797850Z  INFO herdr::logging: session saved event="persist.save" subsystem="persist" outcome="ok" path=/Users/siwe001/.config/herdr/session.json workspaces=2
2026-08-14T11:46:03.147388Z  INFO herdr::logging: checking for updates event="update.check.start" subsystem="update" outcome="started"
2026-08-14T11:46:03.611622Z  WARN herdr::detect::manifest_update: skipping unknown remote manifest agent agent="qwen"
2026-08-14T11:48:28.120713Z  INFO herdr::logging: tab focused event="tab.focus" subsystem="tab" outcome="ok" workspace_id="wC" tab_id="wC:t2"
2026-08-14T11:48:30.739464Z  INFO herdr::logging: tab focused event="tab.focus" subsystem="tab" outcome="ok" workspace_id="wC" tab_id="wC:t3"
2026-08-14T11:48:35.747972Z  INFO herdr::logging: session saved event="persist.save" subsystem="persist" outcome="ok" path=/Users/siwe001/.config/herdr/session.json workspaces=2
2026-08-14T11:48:52.439138Z  INFO herdr::app::actions: copied selection to clipboard
2026-08-14T11:49:23.988621Z  INFO herdr::app::actions: copied selection to clipboard
2026-08-14T11:49:25.587271Z  INFO herdr::logging: tab focused event="tab.focus" subsystem="tab" outcome="ok" workspace_id="wC" tab_id="wC:t2"
2026-08-14T11:49:26.088101Z  INFO herdr::logging: tab focused event="tab.focus" subsystem="tab" outcome="ok" workspace_id="wC" tab_id="wC:t1"
2026-08-14T11:49:31.097784Z  INFO herdr::logging: session saved event="persist.save" subsystem="persist" outcome="ok" path=/Users/siwe001/.config/herdr/session.json workspaces=2
2026-08-14T11:49:40.887380Z  INFO herdr::logging: tab focused event="tab.focus" subsystem="tab" outcome="ok" workspace_id="wC" tab_id="wC:t2"
2026-08-14T11:49:45.893649Z  INFO herdr::logging: session saved event="persist.save" subsystem="persist" outcome="ok" path=/Users/siwe001/.config/herdr/session.json workspaces=2
2026-08-14T11:49:50.753566Z  INFO herdr::logging: tab focused event="tab.focus" subsystem="tab" outcome="ok" workspace_id="wC" tab_id="wC:t1"
2026-08-14T11:49:55.762006Z  INFO herdr::logging: session saved event="persist.save" subsystem="persist" outcome="ok" path=/Users/siwe001/.config/herdr/session.json workspaces=2
2026-08-14T11:50:23.736575Z  INFO herdr::logging: tab focused event="tab.focus" subsystem="tab" outcome="ok" workspace_id="wC" tab_id="wC:t2"
2026-08-14T11:50:25.269889Z  INFO herdr::logging: tab focused event="tab.focus" subsystem="tab" outcome="ok" workspace_id="wC" tab_id="wC:t1"
2026-08-14T11:50:30.281211Z  INFO herdr::logging: session saved event="persist.save" subsystem="persist" outcome="ok" path=/Users/siwe001/.config/herdr/session.json workspaces=2
2026-08-14T11:53:15.364976Z  INFO herdr::logging: tab focused event="tab.focus" subsystem="tab" outcome="ok" workspace_id="wC" tab_id="wC:t2"
2026-08-14T11:53:20.371934Z  INFO herdr::logging: session saved event="persist.save" subsystem="persist" outcome="ok" path=/Users/siwe001/.config/herdr/session.json workspaces=2
2026-08-14T11:53:56.953001Z  INFO herdr::logging: tab focused event="tab.focus" subsystem="tab" outcome="ok" workspace_id="wC" tab_id="wC:t1"
2026-08-14T11:53:58.413048Z  INFO herdr::logging: tab focused event="tab.focus" subsystem="tab" outcome="ok" workspace_id="wC" tab_id="wC:t2"
2026-08-14T11:54:03.423697Z  INFO herdr::logging: session saved event="persist.save" subsystem="persist" outcome="ok" path=/Users/siwe001/.config/herdr/session.json workspaces=2
2026-08-14T11:54:23.685225Z  INFO herdr::logging: tab focused event="tab.focus" subsystem="tab" outcome="ok" workspace_id="wC" tab_id="wC:t3"
2026-08-14T11:54:28.699133Z  INFO herdr::logging: session saved event="persist.save" subsystem="persist" outcome="ok" path=/Users/siwe001/.config/herdr/session.json workspaces=2
2026-08-14T11:54:32.645597Z  INFO herdr::logging: tab focused event="tab.focus" subsystem="tab" outcome="ok" workspace_id="wC" tab_id="wC:t2"
2026-08-14T11:54:37.659308Z  INFO herdr::logging: session saved event="persist.save" subsystem="persist" outcome="ok" path=/Users/siwe001/.config/herdr/session.json workspaces=2
2026-08-14T11:55:43.717734Z  INFO herdr::logging: tab focused event="tab.focus" subsystem="tab" outcome="ok" workspace_id="wC" tab_id="wC:t3"
2026-08-14T11:55:48.723905Z  INFO herdr::logging: session saved event="persist.save" subsystem="persist" outcome="ok" path=/Users/siwe001/.config/herdr/session.json workspaces=2
2026-08-14T11:58:10.933416Z  INFO herdr::logging: tab focused event="tab.focus" subsystem="tab" outcome="ok" workspace_id="wC" tab_id="wC:t1"
2026-08-14T11:58:12.666424Z  INFO herdr::logging: tab focused event="tab.focus" subsystem="tab" outcome="ok" workspace_id="wC" tab_id="wC:t2"
2026-08-14T11:58:15.483051Z  INFO herdr::logging: tab focused event="tab.focus" subsystem="tab" outcome="ok" workspace_id="wC" tab_id="wC:t3"
2026-08-14T11:58:20.540007Z  INFO herdr::logging: session saved event="persist.save" subsystem="persist" outcome="ok" path=/Users/siwe001/.config/herdr/session.json workspaces=2
2026-08-14T11:59:06.685730Z  INFO herdr::logging: tab focused event="tab.focus" subsystem="tab" outcome="ok" workspace_id="wC" tab_id="wC:t1"
2026-08-14T11:59:19.776533Z  INFO herdr::logging: tab focused event="tab.focus" subsystem="tab" outcome="ok" workspace_id="wC" tab_id="wC:t1"
2026-08-14T11:59:19.780492Z  INFO herdr::logging: tab focused event="tab.focus" subsystem="tab" outcome="ok" workspace_id="wC" tab_id="wC:t3"
2026-08-14T11:59:23.753260Z  INFO herdr::logging: tab focused event="tab.focus" subsystem="tab" outcome="ok" workspace_id="wC" tab_id="wC:t1"
2026-08-14T11:59:28.770898Z  INFO herdr::logging: session saved event="persist.save" subsystem="persist" outcome="ok" path=/Users/siwe001/.config/herdr/session.json workspaces=2
2026-08-14T11:59:48.932683Z  INFO herdr::logging: tab focused event="tab.focus" subsystem="tab" outcome="ok" workspace_id="wC" tab_id="wC:t2"
2026-08-14T11:59:53.941050Z  INFO herdr::logging: session saved event="persist.save" subsystem="persist" outcome="ok" path=/Users/siwe001/.config/herdr/session.json workspaces=2
2026-08-14T11:59:58.548952Z  INFO herdr::logging: tab focused event="tab.focus" subsystem="tab" outcome="ok" workspace_id="wC" tab_id="wC:t1"
2026-08-14T12:00:03.449087Z  INFO herdr::logging: tab focused event="tab.focus" subsystem="tab" outcome="ok" workspace_id="wC" tab_id="wC:t3"
2026-08-14T12:00:08.456988Z  INFO herdr::logging: session saved event="persist.save" subsystem="persist" outcome="ok" path=/Users/siwe001/.config/herdr/session.json workspaces=2
2026-08-14T12:00:10.598942Z  INFO herdr::logging: tab focused event="tab.focus" subsystem="tab" outcome="ok" workspace_id="wC" tab_id="wC:t1"
2026-08-14T12:00:12.665588Z  INFO herdr::logging: tab focused event="tab.focus" subsystem="tab" outcome="ok" workspace_id="wC" tab_id="wC:t3"
2026-08-14T12:00:17.670167Z  INFO herdr::logging: session saved event="persist.save" subsystem="persist" outcome="ok" path=/Users/siwe001/.config/herdr/session.json workspaces=2
2026-08-14T12:01:07.115383Z  INFO herdr::logging: tab focused event="tab.focus" subsystem="tab" outcome="ok" workspace_id="wC" tab_id="wC:t2"
2026-08-14T12:01:12.123794Z  INFO herdr::logging: session saved event="persist.save" subsystem="persist" outcome="ok" path=/Users/siwe001/.config/herdr/session.json workspaces=2
2026-08-14T12:01:12.315046Z  INFO herdr::logging: tab focused event="tab.focus" subsystem="tab" outcome="ok" workspace_id="wC" tab_id="wC:t1"
2026-08-14T12:01:13.965196Z  INFO herdr::logging: tab focused event="tab.focus" subsystem="tab" outcome="ok" workspace_id="wC" tab_id="wC:t3"
2026-08-14T12:01:18.976048Z  INFO herdr::logging: session saved event="persist.save" subsystem="persist" outcome="ok" path=/Users/siwe001/.config/herdr/session.json workspaces=2
2026-08-14T12:01:19.415069Z  INFO herdr::logging: tab focused event="tab.focus" subsystem="tab" outcome="ok" workspace_id="wC" tab_id="wC:t1"
2026-08-14T12:01:26.048220Z  INFO herdr::logging: session saved event="persist.save" subsystem="persist" outcome="ok" path=/Users/siwe001/.config/herdr/session.json workspaces=2
2026-08-14T12:01:31.649630Z  INFO herdr::logging: tab focused event="tab.focus" subsystem="tab" outcome="ok" workspace_id="wC" tab_id="wC:t2"
2026-08-14T12:01:32.603196Z  INFO herdr::logging: tab focused event="tab.focus" subsystem="tab" outcome="ok" workspace_id="wC" tab_id="wC:t3"
2026-08-14T12:01:34.315151Z  INFO herdr::logging: tab focused event="tab.focus" subsystem="tab" outcome="ok" workspace_id="wC" tab_id="wC:t1"
2026-08-14T12:01:39.319415Z  INFO herdr::logging: session saved event="persist.save" subsystem="persist" outcome="ok" path=/Users/siwe001/.config/herdr/session.json workspaces=2
2026-08-14T12:02:22.369668Z  INFO herdr::logging: tab focused event="tab.focus" subsystem="tab" outcome="ok" workspace_id="wC" tab_id="wC:t2"
2026-08-14T12:02:22.953628Z  INFO herdr::logging: tab focused event="tab.focus" subsystem="tab" outcome="ok" workspace_id="wC" tab_id="wC:t3"
2026-08-14T12:02:27.983201Z  INFO herdr::logging: session saved event="persist.save" subsystem="persist" outcome="ok" path=/Users/siwe001/.config/herdr/session.json workspaces=2
2026-08-14T12:03:24.120282Z  INFO herdr::logging: tab focused event="tab.focus" subsystem="tab" outcome="ok" workspace_id="wC" tab_id="wC:t1"
2026-08-14T12:03:29.127699Z  INFO herdr::logging: session saved event="persist.save" subsystem="persist" outcome="ok" path=/Users/siwe001/.config/herdr/session.json workspaces=2
2026-08-14T12:05:49.549594Z  INFO herdr::logging: spawning pane terminal event="pane.spawn.start" subsystem="pane" outcome="started" pane_id=25 rows=61 cols=187 scrollback_limit_bytes=10000000
2026-08-14T12:05:49.558455Z  INFO herdr::logging: pane child spawned event="pane.spawned" subsystem="pane" outcome="ok" pane_id=25 pid=24604
2026-08-14T12:05:49.558715Z  INFO herdr::logging: tab focused event="tab.focus" subsystem="tab" outcome="ok" workspace_id="wC" tab_id="wC:t4"
2026-08-14T12:05:54.569483Z  INFO herdr::logging: session saved event="persist.save" subsystem="persist" outcome="ok" path=/Users/siwe001/.config/herdr/session.json workspaces=2
2026-08-14T12:06:06.588627Z  INFO herdr::logging: tab focused event="tab.focus" subsystem="tab" outcome="ok" workspace_id="wC" tab_id="wC:t1"
2026-08-14T12:06:11.596192Z  INFO herdr::logging: session saved event="persist.save" subsystem="persist" outcome="ok" path=/Users/siwe001/.config/herdr/session.json workspaces=2
2026-08-14T12:06:47.323990Z  INFO herdr::logging: tab focused event="tab.focus" subsystem="tab" outcome="ok" workspace_id="wC" tab_id="wC:t4"
2026-08-14T12:06:52.334565Z  INFO herdr::logging: session saved event="persist.save" subsystem="persist" outcome="ok" path=/Users/siwe001/.config/herdr/session.json workspaces=2
2026-08-14T12:07:16.790217Z  INFO herdr::logging: tab focused event="tab.focus" subsystem="tab" outcome="ok" workspace_id="wC" tab_id="wC:t3"
2026-08-14T12:07:18.172820Z  INFO herdr::logging: tab focused event="tab.focus" subsystem="tab" outcome="ok" workspace_id="wC" tab_id="wC:t2"
2026-08-14T12:07:21.023235Z  INFO herdr::logging: tab focused event="tab.focus" subsystem="tab" outcome="ok" workspace_id="wC" tab_id="wC:t1"
2026-08-14T12:07:22.990216Z  INFO herdr::logging: tab focused event="tab.focus" subsystem="tab" outcome="ok" workspace_id="wC" tab_id="wC:t2"
2026-08-14T12:07:28.004320Z  INFO herdr::logging: session saved event="persist.save" subsystem="persist" outcome="ok" path=/Users/siwe001/.config/herdr/session.json workspaces=2
2026-08-14T12:07:43.740231Z  INFO herdr::logging: tab focused event="tab.focus" subsystem="tab" outcome="ok" workspace_id="wC" tab_id="wC:t4"
2026-08-14T12:07:48.750512Z  INFO herdr::logging: session saved event="persist.save" subsystem="persist" outcome="ok" path=/Users/siwe001/.config/herdr/session.json workspaces=2
2026-08-14T12:07:54.989692Z  INFO herdr::logging: tab focused event="tab.focus" subsystem="tab" outcome="ok" workspace_id="wC" tab_id="wC:t1"
2026-08-14T12:07:59.994816Z  INFO herdr::logging: session saved event="persist.save" subsystem="persist" outcome="ok" path=/Users/siwe001/.config/herdr/session.json workspaces=2
2026-08-14T12:08:05.990381Z  INFO herdr::logging: tab focused event="tab.focus" subsystem="tab" outcome="ok" workspace_id="wC" tab_id="wC:t4"
2026-08-14T12:08:10.999684Z  INFO herdr::logging: session saved event="persist.save" subsystem="persist" outcome="ok" path=/Users/siwe001/.config/herdr/session.json workspaces=2
2026-08-14T12:10:54.709015Z  INFO herdr::logging: tab focused event="tab.focus" subsystem="tab" outcome="ok" workspace_id="wC" tab_id="wC:t3"
2026-08-14T12:10:59.720639Z  INFO herdr::logging: session saved event="persist.save" subsystem="persist" outcome="ok" path=/Users/siwe001/.config/herdr/session.json workspaces=2
2026-08-14T12:16:03.208284Z  INFO herdr::logging: checking for updates event="update.check.start" subsystem="update" outcome="started"
2026-08-14T12:16:03.390547Z  WARN herdr::detect::manifest_update: skipping unknown remote manifest agent agent="qwen"
2026-08-14T12:16:19.460289Z  INFO herdr::logging: tab focused event="tab.focus" subsystem="tab" outcome="ok" workspace_id="wC" tab_id="wC:t1"
2026-08-14T12:16:24.473712Z  INFO herdr::logging: session saved event="persist.save" subsystem="persist" outcome="ok" path=/Users/siwe001/.config/herdr/session.json workspaces=2
2026-08-14T12:21:30.482292Z  INFO herdr::logging: spawning pane terminal event="pane.spawn.start" subsystem="pane" outcome="started" pane_id=26 rows=61 cols=187 scrollback_limit_bytes=10000000
2026-08-14T12:21:30.486402Z  INFO herdr::logging: pane child spawned event="pane.spawned" subsystem="pane" outcome="ok" pane_id=26 pid=36670
2026-08-14T12:21:30.487808Z  INFO herdr::logging: workspace created event="workspace.create" subsystem="workspace" outcome="ok" workspace_id="wD" pane_id=26
2026-08-14T12:21:30.487975Z  INFO herdr::logging: workspace focused event="workspace.focus" subsystem="workspace" outcome="ok" workspace_id="wD"
2026-08-14T12:21:30.488037Z  INFO herdr::logging: tab focused event="tab.focus" subsystem="tab" outcome="ok" workspace_id="wD" tab_id="wD:t1"
2026-08-14T12:21:35.496861Z  INFO herdr::logging: session saved event="persist.save" subsystem="persist" outcome="ok" path=/Users/siwe001/.config/herdr/session.json workspaces=3
2026-08-14T12:21:48.163485Z  INFO herdr::pane: agent changed pane=26 previous_agent=None agent=Some(Cursor) process=cursor pgid=Some(37371)
2026-08-14T12:22:41.015533Z  INFO herdr::logging: workspace focused event="workspace.focus" subsystem="workspace" outcome="ok" workspace_id="wC"
2026-08-14T12:22:41.016352Z  INFO herdr::logging: tab focused event="tab.focus" subsystem="tab" outcome="ok" workspace_id="wC" tab_id="wC:t1"
2026-08-14T12:22:46.024919Z  INFO herdr::logging: session saved event="persist.save" subsystem="persist" outcome="ok" path=/Users/siwe001/.config/herdr/session.json workspaces=3
2026-08-14T12:23:04.150565Z  INFO herdr::logging: workspace focused event="workspace.focus" subsystem="workspace" outcome="ok" workspace_id="wD"
2026-08-14T12:23:04.151183Z  INFO herdr::logging: tab focused event="tab.focus" subsystem="tab" outcome="ok" workspace_id="wD" tab_id="wD:t1"
2026-08-14T12:23:09.157102Z  INFO herdr::logging: session saved event="persist.save" subsystem="persist" outcome="ok" path=/Users/siwe001/.config/herdr/session.json workspaces=3
2026-08-14T12:44:39.163450Z  INFO herdr::logging: spawning pane terminal event="pane.spawn.start" subsystem="pane" outcome="started" pane_id=27 rows=61 cols=187 scrollback_limit_bytes=10000000
2026-08-14T12:44:39.167518Z  INFO herdr::logging: pane child spawned event="pane.spawned" subsystem="pane" outcome="ok" pane_id=27 pid=53057
2026-08-14T12:44:39.168818Z  INFO herdr::logging: workspace created event="workspace.create" subsystem="workspace" outcome="ok" workspace_id="wE" pane_id=27
2026-08-14T12:44:39.168836Z  INFO herdr::logging: workspace focused event="workspace.focus" subsystem="workspace" outcome="ok" workspace_id="wE"
2026-08-14T12:44:39.168861Z  INFO herdr::logging: tab focused event="tab.focus" subsystem="tab" outcome="ok" workspace_id="wE" tab_id="wE:t1"
2026-08-14T12:44:44.179224Z  INFO herdr::logging: session saved event="persist.save" subsystem="persist" outcome="ok" path=/Users/siwe001/.config/herdr/session.json workspaces=4
2026-08-14T12:44:49.281432Z  INFO herdr::pane: agent changed pane=27 previous_agent=None agent=Some(Cursor) process=cursor pgid=Some(53684)
2026-08-14T12:46:03.209735Z  INFO herdr::logging: checking for updates event="update.check.start" subsystem="update" outcome="started"
2026-08-14T12:46:03.385284Z  WARN herdr::detect::manifest_update: skipping unknown remote manifest agent agent="qwen"
2026-08-14T12:53:08.686890Z  INFO herdr::logging: workspace focused event="workspace.focus" subsystem="workspace" outcome="ok" workspace_id="wD"
2026-08-14T12:53:08.687113Z  INFO herdr::logging: tab focused event="tab.focus" subsystem="tab" outcome="ok" workspace_id="wD" tab_id="wD:t1"
2026-08-14T12:53:12.536048Z  INFO herdr::logging: workspace focused event="workspace.focus" subsystem="workspace" outcome="ok" workspace_id="wC"
2026-08-14T12:53:12.536108Z  INFO herdr::logging: tab focused event="tab.focus" subsystem="tab" outcome="ok" workspace_id="wC" tab_id="wC:t1"
2026-08-14T12:53:17.539189Z  INFO herdr::logging: session saved event="persist.save" subsystem="persist" outcome="ok" path=/Users/siwe001/.config/herdr/session.json workspaces=4
2026-08-14T12:53:48.653301Z  INFO herdr::logging: workspace focused event="workspace.focus" subsystem="workspace" outcome="ok" workspace_id="wE"
2026-08-14T12:53:48.654299Z  INFO herdr::logging: tab focused event="tab.focus" subsystem="tab" outcome="ok" workspace_id="wE" tab_id="wE:t1"
2026-08-14T12:53:53.659351Z  INFO herdr::logging: session saved event="persist.save" subsystem="persist" outcome="ok" path=/Users/siwe001/.config/herdr/session.json workspaces=4
2026-08-14T12:56:54.572739Z  INFO herdr::logging: spawning pane terminal event="pane.spawn.start" subsystem="pane" outcome="started" pane_id=28 rows=61 cols=187 scrollback_limit_bytes=10000000
2026-08-14T12:56:54.586387Z  INFO herdr::logging: pane child spawned event="pane.spawned" subsystem="pane" outcome="ok" pane_id=28 pid=63811
2026-08-14T12:56:54.586845Z  INFO herdr::logging: tab focused event="tab.focus" subsystem="tab" outcome="ok" workspace_id="wE" tab_id="wE:t2"
2026-08-14T12:56:59.171497Z  INFO herdr::logging: tab focused event="tab.focus" subsystem="tab" outcome="ok" workspace_id="wE" tab_id="wE:t1"
2026-08-14T12:57:04.180651Z  INFO herdr::logging: session saved event="persist.save" subsystem="persist" outcome="ok" path=/Users/siwe001/.config/herdr/session.json workspaces=4
2026-08-14T12:57:11.854044Z  INFO herdr::logging: workspace focused event="workspace.focus" subsystem="workspace" outcome="ok" workspace_id="wC"
2026-08-14T12:57:11.854882Z  INFO herdr::logging: tab focused event="tab.focus" subsystem="tab" outcome="ok" workspace_id="wC" tab_id="wC:t1"
2026-08-14T12:57:16.863409Z  INFO herdr::logging: session saved event="persist.save" subsystem="persist" outcome="ok" path=/Users/siwe001/.config/herdr/session.json workspaces=4
2026-08-14T12:57:40.554305Z  INFO herdr::logging: workspace focused event="workspace.focus" subsystem="workspace" outcome="ok" workspace_id="wE"
2026-08-14T12:57:40.554561Z  INFO herdr::logging: tab focused event="tab.focus" subsystem="tab" outcome="ok" workspace_id="wE" tab_id="wE:t1"
2026-08-14T12:57:44.204483Z  INFO herdr::logging: tab focused event="tab.focus" subsystem="tab" outcome="ok" workspace_id="wE" tab_id="wE:t2"
2026-08-14T12:57:49.213370Z  INFO herdr::logging: session saved event="persist.save" subsystem="persist" outcome="ok" path=/Users/siwe001/.config/herdr/session.json workspaces=4
2026-08-14T12:58:09.454596Z  INFO herdr::app::actions: copied double-clicked token to clipboard
2026-08-14T13:00:27.122661Z  INFO herdr::logging: workspace focused event="workspace.focus" subsystem="workspace" outcome="ok" workspace_id="wD"
2026-08-14T13:00:27.125143Z  INFO herdr::logging: tab focused event="tab.focus" subsystem="tab" outcome="ok" workspace_id="wD" tab_id="wD:t1"
2026-08-14T13:00:32.131623Z  INFO herdr::logging: session saved event="persist.save" subsystem="persist" outcome="ok" path=/Users/siwe001/.config/herdr/session.json workspaces=4
2026-08-14T13:00:51.222362Z  INFO herdr::app::actions: copied selection to clipboard
2026-08-14T13:00:53.872986Z  INFO herdr::logging: workspace focused event="workspace.focus" subsystem="workspace" outcome="ok" workspace_id="wE"
2026-08-14T13:00:53.873206Z  INFO herdr::logging: tab focused event="tab.focus" subsystem="tab" outcome="ok" workspace_id="wE" tab_id="wE:t2"
2026-08-14T13:00:57.905384Z  INFO herdr::logging: tab focused event="tab.focus" subsystem="tab" outcome="ok" workspace_id="wE" tab_id="wE:t1"
2026-08-14T13:01:02.911957Z  INFO herdr::logging: session saved event="persist.save" subsystem="persist" outcome="ok" path=/Users/siwe001/.config/herdr/session.json workspaces=4
2026-08-14T13:01:38.305804Z  INFO herdr::logging: workspace focused event="workspace.focus" subsystem="workspace" outcome="ok" workspace_id="wD"
2026-08-14T13:01:38.306243Z  INFO herdr::logging: tab focused event="tab.focus" subsystem="tab" outcome="ok" workspace_id="wD" tab_id="wD:t1"
2026-08-14T13:01:43.315289Z  INFO herdr::logging: session saved event="persist.save" subsystem="persist" outcome="ok" path=/Users/siwe001/.config/herdr/session.json workspaces=4
2026-08-14T13:02:01.222681Z  INFO herdr::logging: workspace focused event="workspace.focus" subsystem="workspace" outcome="ok" workspace_id="wE"
2026-08-14T13:02:01.222923Z  INFO herdr::logging: tab focused event="tab.focus" subsystem="tab" outcome="ok" workspace_id="wE" tab_id="wE:t1"
2026-08-14T13:02:06.230216Z  INFO herdr::logging: session saved event="persist.save" subsystem="persist" outcome="ok" path=/Users/siwe001/.config/herdr/session.json workspaces=4
2026-08-14T13:02:52.289804Z  INFO herdr::logging: tab focused event="tab.focus" subsystem="tab" outcome="ok" workspace_id="wE" tab_id="wE:t2"
2026-08-14T13:02:57.294371Z  INFO herdr::logging: session saved event="persist.save" subsystem="persist" outcome="ok" path=/Users/siwe001/.config/herdr/session.json workspaces=4
2026-08-14T13:03:13.339632Z  INFO herdr::logging: tab focused event="tab.focus" subsystem="tab" outcome="ok" workspace_id="wE" tab_id="wE:t1"
2026-08-14T13:03:18.343976Z  INFO herdr::logging: session saved event="persist.save" subsystem="persist" outcome="ok" path=/Users/siwe001/.config/herdr/session.json workspaces=4
2026-08-14T13:03:21.139795Z  INFO herdr::logging: tab focused event="tab.focus" subsystem="tab" outcome="ok" workspace_id="wE" tab_id="wE:t2"
2026-08-14T13:03:26.145082Z  INFO herdr::logging: session saved event="persist.save" subsystem="persist" outcome="ok" path=/Users/siwe001/.config/herdr/session.json workspaces=4
2026-08-14T13:03:53.691069Z  INFO herdr::logging: spawning pane terminal event="pane.spawn.start" subsystem="pane" outcome="started" pane_id=29 rows=61 cols=187 scrollback_limit_bytes=10000000
2026-08-14T13:03:53.697646Z  INFO herdr::logging: pane child spawned event="pane.spawned" subsystem="pane" outcome="ok" pane_id=29 pid=69799
2026-08-14T13:03:53.697916Z  INFO herdr::logging: tab focused event="tab.focus" subsystem="tab" outcome="ok" workspace_id="wE" tab_id="wE:t3"
2026-08-14T13:03:57.279332Z  INFO herdr::pane: agent changed pane=29 previous_agent=None agent=Some(Cursor) process=cursor pgid=Some(70285)
2026-08-14T13:03:58.706594Z  INFO herdr::logging: session saved event="persist.save" subsystem="persist" outcome="ok" path=/Users/siwe001/.config/herdr/session.json workspaces=4
2026-08-14T13:04:43.223937Z  INFO herdr::logging: workspace focused event="workspace.focus" subsystem="workspace" outcome="ok" workspace_id="wC"
2026-08-14T13:04:43.225141Z  INFO herdr::logging: tab focused event="tab.focus" subsystem="tab" outcome="ok" workspace_id="wC" tab_id="wC:t1"
2026-08-14T13:04:48.229734Z  INFO herdr::logging: session saved event="persist.save" subsystem="persist" outcome="ok" path=/Users/siwe001/.config/herdr/session.json workspaces=4
2026-08-14T13:07:45.691758Z  INFO herdr::logging: workspace focused event="workspace.focus" subsystem="workspace" outcome="ok" workspace_id="wE"
2026-08-14T13:07:45.692341Z  INFO herdr::logging: tab focused event="tab.focus" subsystem="tab" outcome="ok" workspace_id="wE" tab_id="wE:t3"
2026-08-14T13:07:50.698015Z  INFO herdr::logging: session saved event="persist.save" subsystem="persist" outcome="ok" path=/Users/siwe001/.config/herdr/session.json workspaces=4
2026-08-14T13:08:50.536162Z  INFO herdr::logging: workspace focused event="workspace.focus" subsystem="workspace" outcome="ok" workspace_id="wC"
2026-08-14T13:08:50.536613Z  INFO herdr::logging: tab focused event="tab.focus" subsystem="tab" outcome="ok" workspace_id="wC" tab_id="wC:t1"
2026-08-14T13:08:55.540725Z  INFO herdr::logging: session saved event="persist.save" subsystem="persist" outcome="ok" path=/Users/siwe001/.config/herdr/session.json workspaces=4
2026-08-14T13:09:21.635794Z  INFO herdr::logging: tab focused event="tab.focus" subsystem="tab" outcome="ok" workspace_id="wC" tab_id="wC:t2"
2026-08-14T13:09:23.102412Z  INFO herdr::logging: tab focused event="tab.focus" subsystem="tab" outcome="ok" workspace_id="wC" tab_id="wC:t3"
2026-08-14T13:09:28.112334Z  INFO herdr::logging: session saved event="persist.save" subsystem="persist" outcome="ok" path=/Users/siwe001/.config/herdr/session.json workspaces=4
2026-08-14T13:10:04.789659Z  INFO herdr::logging: tab focused event="tab.focus" subsystem="tab" outcome="ok" workspace_id="wC" tab_id="wC:t1"
2026-08-14T13:10:09.797298Z  INFO herdr::logging: session saved event="persist.save" subsystem="persist" outcome="ok" path=/Users/siwe001/.config/herdr/session.json workspaces=4
2026-08-14T13:10:59.471698Z  INFO herdr::logging: workspace focused event="workspace.focus" subsystem="workspace" outcome="ok" workspace_id="wE"
2026-08-14T13:10:59.472712Z  INFO herdr::logging: tab focused event="tab.focus" subsystem="tab" outcome="ok" workspace_id="wE" tab_id="wE:t3"
2026-08-14T13:11:04.480750Z  INFO herdr::logging: session saved event="persist.save" subsystem="persist" outcome="ok" path=/Users/siwe001/.config/herdr/session.json workspaces=4
2026-08-14T13:11:10.185140Z  INFO herdr::logging: tab focused event="tab.focus" subsystem="tab" outcome="ok" workspace_id="wE" tab_id="wE:t1"
2026-08-14T13:11:12.986942Z  INFO herdr::logging: workspace focused event="workspace.focus" subsystem="workspace" outcome="ok" workspace_id="w7"
2026-08-14T13:11:12.987135Z  INFO herdr::logging: tab focused event="tab.focus" subsystem="tab" outcome="ok" workspace_id="w7" tab_id="w7:t1"
2026-08-14T13:11:17.987553Z  INFO herdr::logging: workspace focused event="workspace.focus" subsystem="workspace" outcome="ok" workspace_id="wE"
2026-08-14T13:11:17.988401Z  INFO herdr::logging: tab focused event="tab.focus" subsystem="tab" outcome="ok" workspace_id="wE" tab_id="wE:t3"
2026-08-14T13:11:21.469479Z  INFO herdr::logging: workspace focused event="workspace.focus" subsystem="workspace" outcome="ok" workspace_id="wC"
2026-08-14T13:11:21.469595Z  INFO herdr::logging: tab focused event="tab.focus" subsystem="tab" outcome="ok" workspace_id="wC" tab_id="wC:t1"
2026-08-14T13:11:26.480201Z  INFO herdr::logging: session saved event="persist.save" subsystem="persist" outcome="ok" path=/Users/siwe001/.config/herdr/session.json workspaces=4
2026-08-14T13:12:09.217596Z  INFO herdr::logging: workspace focused event="workspace.focus" subsystem="workspace" outcome="ok" workspace_id="wE"
2026-08-14T13:12:09.218629Z  INFO herdr::logging: tab focused event="tab.focus" subsystem="tab" outcome="ok" workspace_id="wE" tab_id="wE:t3"
2026-08-14T13:12:14.226986Z  INFO herdr::logging: session saved event="persist.save" subsystem="persist" outcome="ok" path=/Users/siwe001/.config/herdr/session.json workspaces=4
2026-08-14T13:12:21.033485Z  INFO herdr::logging: workspace focused event="workspace.focus" subsystem="workspace" outcome="ok" workspace_id="wC"
2026-08-14T13:12:21.034252Z  INFO herdr::logging: tab focused event="tab.focus" subsystem="tab" outcome="ok" workspace_id="wC" tab_id="wC:t1"
2026-08-14T13:12:26.042633Z  INFO herdr::logging: session saved event="persist.save" subsystem="persist" outcome="ok" path=/Users/siwe001/.config/herdr/session.json workspaces=4
2026-08-14T13:16:03.159495Z  INFO herdr::logging: checking for updates event="update.check.start" subsystem="update" outcome="started"
2026-08-14T13:16:04.661212Z  WARN herdr::detect::manifest_update: skipping unknown remote manifest agent agent="qwen"
2026-08-14T13:16:35.064028Z  INFO herdr::logging: workspace focused event="workspace.focus" subsystem="workspace" outcome="ok" workspace_id="wE"
2026-08-14T13:16:35.064868Z  INFO herdr::logging: tab focused event="tab.focus" subsystem="tab" outcome="ok" workspace_id="wE" tab_id="wE:t3"
2026-08-14T13:16:40.072181Z  INFO herdr::logging: session saved event="persist.save" subsystem="persist" outcome="ok" path=/Users/siwe001/.config/herdr/session.json workspaces=4
2026-08-14T13:16:42.130062Z  INFO herdr::logging: workspace focused event="workspace.focus" subsystem="workspace" outcome="ok" workspace_id="wC"
2026-08-14T13:16:42.132368Z  INFO herdr::logging: tab focused event="tab.focus" subsystem="tab" outcome="ok" workspace_id="wC" tab_id="wC:t1"
2026-08-14T13:16:47.140985Z  INFO herdr::logging: session saved event="persist.save" subsystem="persist" outcome="ok" path=/Users/siwe001/.config/herdr/session.json workspaces=4
2026-08-14T13:16:57.223341Z  INFO herdr::logging: session saved event="persist.save" subsystem="persist" outcome="ok" path=/Users/siwe001/.config/herdr/session.json workspaces=4
2026-08-14T13:17:09.989989Z  INFO herdr::logging: session saved event="persist.save" subsystem="persist" outcome="ok" path=/Users/siwe001/.config/herdr/session.json workspaces=4
2026-08-14T13:19:42.811150Z  INFO herdr::logging: tab focused event="tab.focus" subsystem="tab" outcome="ok" workspace_id="wC" tab_id="wC:t2"
2026-08-14T13:19:47.819895Z  INFO herdr::logging: session saved event="persist.save" subsystem="persist" outcome="ok" path=/Users/siwe001/.config/herdr/session.json workspaces=4
2026-08-14T13:20:05.361507Z  INFO herdr::logging: tab focused event="tab.focus" subsystem="tab" outcome="ok" workspace_id="wC" tab_id="wC:t3"
2026-08-14T13:20:10.374473Z  INFO herdr::logging: session saved event="persist.save" subsystem="persist" outcome="ok" path=/Users/siwe001/.config/herdr/session.json workspaces=4
2026-08-14T13:20:31.011874Z  INFO herdr::logging: tab focused event="tab.focus" subsystem="tab" outcome="ok" workspace_id="wC" tab_id="wC:t2"
2026-08-14T13:20:36.029697Z  INFO herdr::logging: session saved event="persist.save" subsystem="persist" outcome="ok" path=/Users/siwe001/.config/herdr/session.json workspaces=4
2026-08-14T13:20:37.527825Z  INFO herdr::logging: tab focused event="tab.focus" subsystem="tab" outcome="ok" workspace_id="wC" tab_id="wC:t3"
2026-08-14T13:20:38.711340Z  INFO herdr::logging: tab focused event="tab.focus" subsystem="tab" outcome="ok" workspace_id="wC" tab_id="wC:t2"
2026-08-14T13:20:41.794624Z  INFO herdr::logging: tab focused event="tab.focus" subsystem="tab" outcome="ok" workspace_id="wC" tab_id="wC:t3"
2026-08-14T13:20:43.960381Z  INFO herdr::logging: tab focused event="tab.focus" subsystem="tab" outcome="ok" workspace_id="wC" tab_id="wC:t2"
2026-08-14T13:20:48.966389Z  INFO herdr::logging: session saved event="persist.save" subsystem="persist" outcome="ok" path=/Users/siwe001/.config/herdr/session.json workspaces=4
2026-08-14T13:22:57.777957Z  INFO herdr::logging: workspace focused event="workspace.focus" subsystem="workspace" outcome="ok" workspace_id="wE"
2026-08-14T13:22:57.778311Z  INFO herdr::logging: tab focused event="tab.focus" subsystem="tab" outcome="ok" workspace_id="wE" tab_id="wE:t3"
2026-08-14T13:23:06.649282Z  INFO herdr::logging: session saved event="persist.save" subsystem="persist" outcome="ok" path=/Users/siwe001/.config/herdr/session.json workspaces=4
2026-08-14T13:34:20.150975Z  INFO herdr::logging: workspace focused event="workspace.focus" subsystem="workspace" outcome="ok" workspace_id="wC"
2026-08-14T13:34:20.151290Z  INFO herdr::logging: tab focused event="tab.focus" subsystem="tab" outcome="ok" workspace_id="wC" tab_id="wC:t1"
2026-08-14T13:34:23.533753Z  INFO herdr::logging: tab focused event="tab.focus" subsystem="tab" outcome="ok" workspace_id="wC" tab_id="wC:t2"
2026-08-14T13:34:28.544200Z  INFO herdr::logging: session saved event="persist.save" subsystem="persist" outcome="ok" path=/Users/siwe001/.config/herdr/session.json workspaces=4
2026-08-14T13:34:33.237697Z  INFO herdr::logging: tab focused event="tab.focus" subsystem="tab" outcome="ok" workspace_id="wC" tab_id="wC:t3"
2026-08-14T13:34:38.246812Z  INFO herdr::logging: session saved event="persist.save" subsystem="persist" outcome="ok" path=/Users/siwe001/.config/herdr/session.json workspaces=4
2026-08-14T13:35:24.415865Z  INFO herdr::logging: tab focused event="tab.focus" subsystem="tab" outcome="ok" workspace_id="wC" tab_id="wC:t1"
2026-08-14T13:35:29.423446Z  INFO herdr::logging: session saved event="persist.save" subsystem="persist" outcome="ok" path=/Users/siwe001/.config/herdr/session.json workspaces=4
2026-08-14T13:37:04.748026Z  INFO herdr::logging: workspace focused event="workspace.focus" subsystem="workspace" outcome="ok" workspace_id="wE"
2026-08-14T13:37:04.749324Z  INFO herdr::logging: tab focused event="tab.focus" subsystem="tab" outcome="ok" workspace_id="wE" tab_id="wE:t3"
2026-08-14T13:37:09.753993Z  INFO herdr::logging: session saved event="persist.save" subsystem="persist" outcome="ok" path=/Users/siwe001/.config/herdr/session.json workspaces=4
2026-08-14T13:37:18.201610Z  INFO herdr::logging: workspace focused event="workspace.focus" subsystem="workspace" outcome="ok" workspace_id="wC"
2026-08-14T13:37:18.201853Z  INFO herdr::logging: tab focused event="tab.focus" subsystem="tab" outcome="ok" workspace_id="wC" tab_id="wC:t1"
2026-08-14T13:37:23.207183Z  INFO herdr::logging: session saved event="persist.save" subsystem="persist" outcome="ok" path=/Users/siwe001/.config/herdr/session.json workspaces=4
2026-08-14T13:37:46.218316Z  INFO herdr::logging: spawning pane terminal event="pane.spawn.start" subsystem="pane" outcome="started" pane_id=30 rows=61 cols=187 scrollback_limit_bytes=10000000
2026-08-14T13:37:46.223751Z  INFO herdr::logging: pane child spawned event="pane.spawned" subsystem="pane" outcome="ok" pane_id=30 pid=99189
2026-08-14T13:37:46.223995Z  INFO herdr::logging: tab focused event="tab.focus" subsystem="tab" outcome="ok" workspace_id="wC" tab_id="wC:t5"
2026-08-14T13:37:51.238738Z  INFO herdr::logging: session saved event="persist.save" subsystem="persist" outcome="ok" path=/Users/siwe001/.config/herdr/session.json workspaces=4
2026-08-14T13:38:46.312513Z  INFO herdr::logging: tab focused event="tab.focus" subsystem="tab" outcome="ok" workspace_id="wC" tab_id="wC:t2"
2026-08-14T13:38:51.321775Z  INFO herdr::logging: session saved event="persist.save" subsystem="persist" outcome="ok" path=/Users/siwe001/.config/herdr/session.json workspaces=4
2026-08-14T13:39:03.446175Z  INFO herdr::logging: workspace focused event="workspace.focus" subsystem="workspace" outcome="ok" workspace_id="wE"
2026-08-14T13:39:03.446487Z  INFO herdr::logging: tab focused event="tab.focus" subsystem="tab" outcome="ok" workspace_id="wE" tab_id="wE:t3"
2026-08-14T13:39:08.458099Z  INFO herdr::logging: session saved event="persist.save" subsystem="persist" outcome="ok" path=/Users/siwe001/.config/herdr/session.json workspaces=4
2026-08-14T13:39:24.678919Z  INFO herdr::logging: spawning pane terminal event="pane.spawn.start" subsystem="pane" outcome="started" pane_id=31 rows=61 cols=187 scrollback_limit_bytes=10000000
2026-08-14T13:39:24.683383Z  INFO herdr::logging: pane child spawned event="pane.spawned" subsystem="pane" outcome="ok" pane_id=31 pid=1322
2026-08-14T13:39:24.683597Z  INFO herdr::logging: tab focused event="tab.focus" subsystem="tab" outcome="ok" workspace_id="wE" tab_id="wE:t4"
2026-08-14T13:39:26.468408Z  INFO herdr::logging: tab focused event="tab.focus" subsystem="tab" outcome="ok" workspace_id="wE" tab_id="wE:t3"
2026-08-14T13:39:31.472386Z  INFO herdr::logging: session saved event="persist.save" subsystem="persist" outcome="ok" path=/Users/siwe001/.config/herdr/session.json workspaces=4
2026-08-14T13:40:05.686485Z  INFO herdr::logging: workspace focused event="workspace.focus" subsystem="workspace" outcome="ok" workspace_id="wC"
2026-08-14T13:40:05.686605Z  INFO herdr::logging: tab focused event="tab.focus" subsystem="tab" outcome="ok" workspace_id="wC" tab_id="wC:t2"
2026-08-14T13:40:10.186362Z  INFO herdr::logging: workspace focused event="workspace.focus" subsystem="workspace" outcome="ok" workspace_id="wE"
2026-08-14T13:40:10.186407Z  INFO herdr::logging: tab focused event="tab.focus" subsystem="tab" outcome="ok" workspace_id="wE" tab_id="wE:t3"
2026-08-14T13:40:15.197354Z  INFO herdr::logging: session saved event="persist.save" subsystem="persist" outcome="ok" path=/Users/siwe001/.config/herdr/session.json workspaces=4
2026-08-14T13:40:16.286454Z  INFO herdr::logging: tab focused event="tab.focus" subsystem="tab" outcome="ok" workspace_id="wE" tab_id="wE:t4"
2026-08-14T13:40:21.291602Z  INFO herdr::logging: session saved event="persist.save" subsystem="persist" outcome="ok" path=/Users/siwe001/.config/herdr/session.json workspaces=4
2026-08-14T13:40:39.553644Z  INFO herdr::logging: workspace focused event="workspace.focus" subsystem="workspace" outcome="ok" workspace_id="wC"
2026-08-14T13:40:39.554715Z  INFO herdr::logging: tab focused event="tab.focus" subsystem="tab" outcome="ok" workspace_id="wC" tab_id="wC:t2"
2026-08-14T13:40:44.571840Z  INFO herdr::logging: session saved event="persist.save" subsystem="persist" outcome="ok" path=/Users/siwe001/.config/herdr/session.json workspaces=4
2026-08-14T13:41:06.835939Z  INFO herdr::logging: tab focused event="tab.focus" subsystem="tab" outcome="ok" workspace_id="wC" tab_id="wC:t3"
2026-08-14T13:41:08.235821Z  INFO herdr::logging: tab focused event="tab.focus" subsystem="tab" outcome="ok" workspace_id="wC" tab_id="wC:t4"
2026-08-14T13:41:10.502562Z  INFO herdr::logging: tab focused event="tab.focus" subsystem="tab" outcome="ok" workspace_id="wC" tab_id="wC:t5"
2026-08-14T13:41:15.540865Z  INFO herdr::logging: session saved event="persist.save" subsystem="persist" outcome="ok" path=/Users/siwe001/.config/herdr/session.json workspaces=4
2026-08-14T13:41:51.836267Z  INFO herdr::logging: tab focused event="tab.focus" subsystem="tab" outcome="ok" workspace_id="wC" tab_id="wC:t2"
2026-08-14T13:42:02.724677Z  INFO herdr::logging: tab focused event="tab.focus" subsystem="tab" outcome="ok" workspace_id="wC" tab_id="wC:t2"
2026-08-14T13:42:02.725506Z  INFO herdr::logging: tab focused event="tab.focus" subsystem="tab" outcome="ok" workspace_id="wC" tab_id="wC:t2"
2026-08-14T13:42:07.746338Z  INFO herdr::logging: session saved event="persist.save" subsystem="persist" outcome="ok" path=/Users/siwe001/.config/herdr/session.json workspaces=4
2026-08-14T13:42:12.602408Z  INFO herdr::logging: workspace focused event="workspace.focus" subsystem="workspace" outcome="ok" workspace_id="wE"
2026-08-14T13:42:12.602709Z  INFO herdr::logging: tab focused event="tab.focus" subsystem="tab" outcome="ok" workspace_id="wE" tab_id="wE:t4"
2026-08-14T13:42:17.719137Z  INFO herdr::logging: session saved event="persist.save" subsystem="persist" outcome="ok" path=/Users/siwe001/.config/herdr/session.json workspaces=4
2026-08-14T13:42:25.435266Z  INFO herdr::app::actions: copied double-clicked token to clipboard
2026-08-14T13:44:38.216994Z  INFO herdr::logging: workspace focused event="workspace.focus" subsystem="workspace" outcome="ok" workspace_id="wE"
2026-08-14T13:44:38.217311Z  INFO herdr::logging: tab focused event="tab.focus" subsystem="tab" outcome="ok" workspace_id="wE" tab_id="wE:t4"
2026-08-14T13:44:42.166954Z  INFO herdr::logging: tab focused event="tab.focus" subsystem="tab" outcome="ok" workspace_id="wE" tab_id="wE:t2"
2026-08-14T13:44:43.116952Z  INFO herdr::logging: tab focused event="tab.focus" subsystem="tab" outcome="ok" workspace_id="wE" tab_id="wE:t1"
2026-08-14T13:44:48.121377Z  INFO herdr::logging: session saved event="persist.save" subsystem="persist" outcome="ok" path=/Users/siwe001/.config/herdr/session.json workspaces=4
2026-08-14T13:46:03.151074Z  INFO herdr::logging: checking for updates event="update.check.start" subsystem="update" outcome="started"
2026-08-14T13:46:03.355745Z  WARN herdr::detect::manifest_update: skipping unknown remote manifest agent agent="qwen"
2026-08-14T13:46:39.951936Z  INFO herdr::logging: tab focused event="tab.focus" subsystem="tab" outcome="ok" workspace_id="wE" tab_id="wE:t2"
2026-08-14T13:46:41.516208Z  INFO herdr::logging: workspace focused event="workspace.focus" subsystem="workspace" outcome="ok" workspace_id="wC"
2026-08-14T13:46:41.516382Z  INFO herdr::logging: tab focused event="tab.focus" subsystem="tab" outcome="ok" workspace_id="wC" tab_id="wC:t2"
2026-08-14T13:46:46.534892Z  INFO herdr::logging: session saved event="persist.save" subsystem="persist" outcome="ok" path=/Users/siwe001/.config/herdr/session.json workspaces=4
2026-08-14T13:49:36.063280Z  INFO herdr::logging: spawning pane terminal event="pane.spawn.start" subsystem="pane" outcome="started" pane_id=32 rows=61 cols=187 scrollback_limit_bytes=10000000
2026-08-14T13:49:36.070042Z  INFO herdr::logging: pane child spawned event="pane.spawned" subsystem="pane" outcome="ok" pane_id=32 pid=12746
2026-08-14T13:49:36.070431Z  INFO herdr::logging: tab focused event="tab.focus" subsystem="tab" outcome="ok" workspace_id="wC" tab_id="wC:t6"
2026-08-14T13:49:41.085540Z  INFO herdr::logging: session saved event="persist.save" subsystem="persist" outcome="ok" path=/Users/siwe001/.config/herdr/session.json workspaces=4
2026-08-14T13:50:06.525889Z  INFO herdr::logging: pane child exited event="pane.exit" subsystem="pane" outcome="completed" pane_id=32 status="ExitStatus { code: 0, signal: None }"
2026-08-14T13:50:06.526780Z  INFO herdr::pane: pane session terminated pane=32 pid=12746 signal=Hangup
2026-08-14T13:50:11.532539Z  INFO herdr::logging: session saved event="persist.save" subsystem="persist" outcome="ok" path=/Users/siwe001/.config/herdr/session.json workspaces=4
2026-08-14T13:52:48.661914Z  INFO herdr::logging: workspace focused event="workspace.focus" subsystem="workspace" outcome="ok" workspace_id="wE"
2026-08-14T13:52:48.662727Z  INFO herdr::logging: tab focused event="tab.focus" subsystem="tab" outcome="ok" workspace_id="wE" tab_id="wE:t2"
2026-08-14T13:52:50.611528Z  INFO herdr::logging: tab focused event="tab.focus" subsystem="tab" outcome="ok" workspace_id="wE" tab_id="wE:t1"
2026-08-14T13:52:55.620271Z  INFO herdr::logging: session saved event="persist.save" subsystem="persist" outcome="ok" path=/Users/siwe001/.config/herdr/session.json workspaces=4
2026-08-14T14:03:54.902461Z  INFO herdr::logging: workspace focused event="workspace.focus" subsystem="workspace" outcome="ok" workspace_id="wC"
2026-08-14T14:03:54.903421Z  INFO herdr::logging: tab focused event="tab.focus" subsystem="tab" outcome="ok" workspace_id="wC" tab_id="wC:t5"
2026-08-14T14:03:59.914956Z  INFO herdr::logging: session saved event="persist.save" subsystem="persist" outcome="ok" path=/Users/siwe001/.config/herdr/session.json workspaces=4
2026-08-14T14:05:08.517148Z  INFO herdr::logging: tab focused event="tab.focus" subsystem="tab" outcome="ok" workspace_id="wC" tab_id="wC:t1"
2026-08-14T14:05:13.525859Z  INFO herdr::logging: session saved event="persist.save" subsystem="persist" outcome="ok" path=/Users/siwe001/.config/herdr/session.json workspaces=4
2026-08-14T14:06:10.019091Z  INFO herdr::logging: workspace focused event="workspace.focus" subsystem="workspace" outcome="ok" workspace_id="wE"
2026-08-14T14:06:10.019764Z  INFO herdr::logging: tab focused event="tab.focus" subsystem="tab" outcome="ok" workspace_id="wE" tab_id="wE:t1"
2026-08-14T14:06:15.031307Z  INFO herdr::logging: session saved event="persist.save" subsystem="persist" outcome="ok" path=/Users/siwe001/.config/herdr/session.json workspaces=4
2026-08-14T14:06:23.615394Z  INFO herdr::logging: tab focused event="tab.focus" subsystem="tab" outcome="ok" workspace_id="wE" tab_id="wE:t2"
2026-08-14T14:06:28.623731Z  INFO herdr::logging: session saved event="persist.save" subsystem="persist" outcome="ok" path=/Users/siwe001/.config/herdr/session.json workspaces=4
2026-08-14T14:06:40.831707Z  INFO herdr::app::actions: copied double-clicked token to clipboard
2026-08-14T14:07:14.464484Z  INFO herdr::logging: tab focused event="tab.focus" subsystem="tab" outcome="ok" workspace_id="wE" tab_id="wE:t1"
2026-08-14T14:07:19.470845Z  INFO herdr::logging: session saved event="persist.save" subsystem="persist" outcome="ok" path=/Users/siwe001/.config/herdr/session.json workspaces=4
2026-08-14T14:07:21.180956Z  INFO herdr::logging: workspace focused event="workspace.focus" subsystem="workspace" outcome="ok" workspace_id="wC"
2026-08-14T14:07:21.181277Z  INFO herdr::logging: tab focused event="tab.focus" subsystem="tab" outcome="ok" workspace_id="wC" tab_id="wC:t1"
2026-08-14T14:07:26.192551Z  INFO herdr::logging: session saved event="persist.save" subsystem="persist" outcome="ok" path=/Users/siwe001/.config/herdr/session.json workspaces=4
2026-08-14T14:09:10.164064Z  INFO herdr::logging: tab focused event="tab.focus" subsystem="tab" outcome="ok" workspace_id="wC" tab_id="wC:t2"
2026-08-14T14:09:12.580662Z  INFO herdr::logging: tab focused event="tab.focus" subsystem="tab" outcome="ok" workspace_id="wC" tab_id="wC:t5"
2026-08-14T14:09:13.423996Z  INFO herdr::logging: pane child exited event="pane.exit" subsystem="pane" outcome="completed" pane_id=30 status="ExitStatus { code: 0, signal: None }"
2026-08-14T14:09:13.424553Z  INFO herdr::pane: pane session terminated pane=30 pid=99189 signal=Hangup
2026-08-14T14:09:13.865013Z  INFO herdr::logging: pane child exited event="pane.exit" subsystem="pane" outcome="completed" pane_id=25 status="ExitStatus { code: 130, signal: None }"
2026-08-14T14:09:13.865636Z  INFO herdr::pane: pane session terminated pane=25 pid=24604 signal=Hangup
2026-08-14T14:09:14.243812Z  INFO herdr::logging: pane child exited event="pane.exit" subsystem="pane" outcome="completed" pane_id=24 status="ExitStatus { code: 1, signal: None }"
2026-08-14T14:09:14.244366Z  INFO herdr::pane: pane session terminated pane=24 pid=96998 signal=Hangup
2026-08-14T14:09:18.751597Z  INFO herdr::logging: tab focused event="tab.focus" subsystem="tab" outcome="ok" workspace_id="wC" tab_id="wC:t1"
2026-08-14T14:09:21.980707Z  INFO herdr::logging: tab focused event="tab.focus" subsystem="tab" outcome="ok" workspace_id="wC" tab_id="wC:t2"
2026-08-14T14:09:26.986853Z  INFO herdr::logging: session saved event="persist.save" subsystem="persist" outcome="ok" path=/Users/siwe001/.config/herdr/session.json workspaces=4
2026-08-14T14:09:33.820183Z  INFO herdr::app::actions: copied double-clicked token to clipboard
2026-08-14T14:11:32.629137Z  INFO herdr::logging: workspace focused event="workspace.focus" subsystem="workspace" outcome="ok" workspace_id="wE"
2026-08-14T14:11:32.630791Z  INFO herdr::logging: tab focused event="tab.focus" subsystem="tab" outcome="ok" workspace_id="wE" tab_id="wE:t1"
2026-08-14T14:11:37.648672Z  INFO herdr::logging: session saved event="persist.save" subsystem="persist" outcome="ok" path=/Users/siwe001/.config/herdr/session.json workspaces=4
2026-08-14T14:13:01.422687Z  INFO herdr::logging: workspace focused event="workspace.focus" subsystem="workspace" outcome="ok" workspace_id="wC"
2026-08-14T14:13:01.424264Z  INFO herdr::logging: tab focused event="tab.focus" subsystem="tab" outcome="ok" workspace_id="wC" tab_id="wC:t2"
2026-08-14T14:13:06.443161Z  INFO herdr::logging: session saved event="persist.save" subsystem="persist" outcome="ok" path=/Users/siwe001/.config/herdr/session.json workspaces=4
2026-08-14T14:13:07.108179Z  INFO herdr::pane: agent changed pane=23 previous_agent=None agent=Some(Cursor) process=cursor pgid=Some(31058)
2026-08-14T14:13:52.939405Z  INFO herdr::logging: workspace focused event="workspace.focus" subsystem="workspace" outcome="ok" workspace_id="wE"
2026-08-14T14:13:52.939834Z  INFO herdr::logging: tab focused event="tab.focus" subsystem="tab" outcome="ok" workspace_id="wE" tab_id="wE:t1"
2026-08-14T14:13:57.947133Z  INFO herdr::logging: session saved event="persist.save" subsystem="persist" outcome="ok" path=/Users/siwe001/.config/herdr/session.json workspaces=4
2026-08-14T14:14:44.624681Z  INFO herdr::logging: workspace focused event="workspace.focus" subsystem="workspace" outcome="ok" workspace_id="wC"
2026-08-14T14:14:44.625779Z  INFO herdr::logging: tab focused event="tab.focus" subsystem="tab" outcome="ok" workspace_id="wC" tab_id="wC:t2"
2026-08-14T14:14:49.638663Z  INFO herdr::logging: session saved event="persist.save" subsystem="persist" outcome="ok" path=/Users/siwe001/.config/herdr/session.json workspaces=4
2026-08-14T14:16:03.217646Z  INFO herdr::logging: checking for updates event="update.check.start" subsystem="update" outcome="started"
2026-08-14T14:16:03.431756Z  WARN herdr::detect::manifest_update: skipping unknown remote manifest agent agent="qwen"
2026-08-14T17:02:01.943802Z  INFO herdr::server::headless: client resize client_id=2 cols=213 rows=64 cell_width_px=0 cell_height_px=0
2026-08-14T17:02:01.983639Z  INFO herdr::server::headless: client detached client_id=2
2026-08-14T17:02:01.983863Z  INFO herdr::server::headless: client disconnected client_id=2
2026-08-14T17:02:13.153176Z  INFO herdr::server::headless: server shutdown initiated
2026-08-14T17:02:13.211567Z  INFO herdr::server::headless: completing server shutdown
2026-08-14T17:02:13.264132Z  INFO herdr::logging: session saved event="persist.save" subsystem="persist" outcome="ok" path=/Users/siwe001/.config/herdr/session.json workspaces=4
2026-08-14T17:02:13.271492Z  INFO herdr::server::headless: headless server exiting
2026-08-14T17:02:13.287104Z  INFO herdr::logging: pane child exited event="pane.exit" subsystem="pane" outcome="completed" pane_id=31 status="ExitStatus { code: 1, signal: None }"
2026-08-14T17:02:13.298126Z  INFO herdr::pane: pane session terminated pane=31 pid=1322 signal=Hangup
2026-08-14T17:02:13.313347Z  INFO herdr::logging: pane child exited event="pane.exit" subsystem="pane" outcome="completed" pane_id=27 status="ExitStatus { code: 1, signal: None }"
2026-08-14T17:02:13.788292Z  INFO herdr::pane: pane session terminated pane=27 pid=53057 signal=Terminate
2026-08-14T17:02:13.796665Z  INFO herdr::logging: pane child exited event="pane.exit" subsystem="pane" outcome="completed" pane_id=23 status="ExitStatus { code: 1, signal: None }"
2026-08-14T17:02:13.813687Z  INFO herdr::pane: pane session terminated pane=23 pid=85936 signal=Hangup
2026-08-14T17:02:13.827615Z  INFO herdr::logging: pane child exited event="pane.exit" subsystem="pane" outcome="completed" pane_id=11 status="ExitStatus { code: 1, signal: None }"
2026-08-14T17:02:13.840582Z  INFO herdr::pane: pane session terminated pane=11 pid=14261 signal=Hangup
2026-08-14T17:02:13.847798Z  INFO herdr::logging: pane child exited event="pane.exit" subsystem="pane" outcome="completed" pane_id=22 status="ExitStatus { code: 1, signal: None }"
2026-08-14T17:02:13.864544Z  INFO herdr::pane: pane session terminated pane=22 pid=83903 signal=Hangup
2026-08-14T17:02:13.871080Z  INFO herdr::logging: pane child exited event="pane.exit" subsystem="pane" outcome="completed" pane_id=15 status="ExitStatus { code: 1, signal: None }"
2026-08-14T17:02:13.890502Z  INFO herdr::pane: pane session terminated pane=15 pid=90969 signal=Hangup
2026-08-14T17:02:13.897721Z  INFO herdr::logging: pane child exited event="pane.exit" subsystem="pane" outcome="completed" pane_id=28 status="ExitStatus { code: 1, signal: None }"
2026-08-14T17:02:13.917709Z  INFO herdr::pane: pane session terminated pane=28 pid=63811 signal=Hangup
2026-08-14T17:02:13.923030Z  INFO herdr::logging: pane child exited event="pane.exit" subsystem="pane" outcome="completed" pane_id=26 status="ExitStatus { code: 1, signal: None }"
2026-08-14T17:02:13.943694Z  INFO herdr::pane: pane session terminated pane=26 pid=36670 signal=Hangup
2026-08-14T17:02:13.947679Z  INFO herdr::logging: pane child exited event="pane.exit" subsystem="pane" outcome="completed" pane_id=29 status="ExitStatus { code: 1, signal: None }"
2026-08-14T17:02:13.969345Z  INFO herdr::pane: pane session terminated pane=29 pid=69799 signal=Hangup
2026-08-14T17:02:13.972121Z  INFO herdr::logging: herdr exiting event="app.shutdown" subsystem="server" outcome="completed" pid=95921
2026-08-14T17:03:50.055271Z  INFO herdr::platform::macos: raised server file descriptor soft limit previous=256 target=8192
2026-08-14T17:03:50.056407Z  INFO herdr::api::server: api server listening path=/Users/siwe001/.config/herdr/herdr.sock
2026-08-14T17:03:50.058686Z  INFO herdr::logging: spawning pane terminal event="pane.spawn.start" subsystem="pane" outcome="started" pane_id=1 rows=24 cols=80 scrollback_limit_bytes=10000000
2026-08-14T17:03:50.063464Z  INFO herdr::logging: pane child spawned event="pane.spawned" subsystem="pane" outcome="ok" pane_id=1 pid=1949
2026-08-14T17:03:50.063782Z  INFO herdr::logging: spawning pane terminal event="pane.spawn.start" subsystem="pane" outcome="started" pane_id=2 rows=24 cols=80 scrollback_limit_bytes=10000000
2026-08-14T17:03:50.068723Z  INFO herdr::logging: pane child spawned event="pane.spawned" subsystem="pane" outcome="ok" pane_id=2 pid=1950
2026-08-14T17:03:50.073823Z  INFO herdr::logging: spawning pane terminal event="pane.spawn.start" subsystem="pane" outcome="started" pane_id=3 rows=24 cols=80 scrollback_limit_bytes=10000000
2026-08-14T17:03:50.077875Z  INFO herdr::logging: pane child spawned event="pane.spawned" subsystem="pane" outcome="ok" pane_id=3 pid=1951
2026-08-14T17:03:50.078040Z  INFO herdr::logging: spawning pane terminal event="pane.spawn.start" subsystem="pane" outcome="started" pane_id=4 rows=24 cols=80 scrollback_limit_bytes=10000000
2026-08-14T17:03:50.082999Z  INFO herdr::logging: pane child spawned event="pane.spawned" subsystem="pane" outcome="ok" pane_id=4 pid=1952
2026-08-14T17:03:50.088061Z  INFO herdr::logging: spawning pane terminal event="pane.spawn.start" subsystem="pane" outcome="started" pane_id=5 rows=24 cols=80 scrollback_limit_bytes=10000000
2026-08-14T17:03:50.091050Z  INFO herdr::logging: pane child spawned event="pane.spawned" subsystem="pane" outcome="ok" pane_id=5 pid=1956
2026-08-14T17:03:50.094868Z  INFO herdr::logging: spawning pane terminal event="pane.spawn.start" subsystem="pane" outcome="started" pane_id=6 rows=24 cols=80 scrollback_limit_bytes=10000000
2026-08-14T17:03:50.098605Z  INFO herdr::logging: pane child spawned event="pane.spawned" subsystem="pane" outcome="ok" pane_id=6 pid=1959
2026-08-14T17:03:50.098746Z  INFO herdr::logging: spawning pane terminal event="pane.spawn.start" subsystem="pane" outcome="started" pane_id=7 rows=24 cols=80 scrollback_limit_bytes=10000000
2026-08-14T17:03:50.103156Z  INFO herdr::logging: pane child spawned event="pane.spawned" subsystem="pane" outcome="ok" pane_id=7 pid=1962
2026-08-14T17:03:50.103298Z  INFO herdr::logging: spawning pane terminal event="pane.spawn.start" subsystem="pane" outcome="started" pane_id=8 rows=24 cols=80 scrollback_limit_bytes=10000000
2026-08-14T17:03:50.107739Z  INFO herdr::logging: pane child spawned event="pane.spawned" subsystem="pane" outcome="ok" pane_id=8 pid=1968
2026-08-14T17:03:50.107878Z  INFO herdr::logging: spawning pane terminal event="pane.spawn.start" subsystem="pane" outcome="started" pane_id=9 rows=24 cols=80 scrollback_limit_bytes=10000000
2026-08-14T17:03:50.111532Z  INFO herdr::logging: pane child spawned event="pane.spawned" subsystem="pane" outcome="ok" pane_id=9 pid=1969
2026-08-14T17:03:50.114488Z  INFO herdr::logging: session restore evaluated event="persist.restore" subsystem="persist" outcome="ok" workspaces=4
2026-08-14T17:03:50.114519Z  INFO herdr::app: using pane scrollback configuration pane_scrollback_limit_bytes=10000000
2026-08-14T17:03:50.164483Z  INFO herdr::logging: checking for updates event="update.check.start" subsystem="update" outcome="started"
2026-08-14T17:03:50.189583Z  INFO herdr::server::headless: restored session already has workspaces; ignoring startup cwd cwd=/Users/siwe001
2026-08-14T17:03:50.189749Z  INFO herdr::server::headless: client protocol socket listening path=/Users/siwe001/.config/herdr/herdr-client.sock
2026-08-14T17:03:50.189778Z  INFO herdr::server::headless: herdr server started api_socket=/Users/siwe001/.config/herdr/herdr.sock client_socket=/Users/siwe001/.config/herdr/herdr-client.sock
2026-08-14T17:03:50.189955Z  INFO herdr::logging: herdr starting event="app.startup" subsystem="server" outcome="started" pid=1948
2026-08-14T17:03:50.217399Z  INFO herdr::server::headless: client connected client_id=2 cols=213 rows=64 cell_width_px=0 cell_height_px=0 render_encoding=SemanticFrame
2026-08-14T17:03:50.641165Z  WARN herdr::detect::manifest_update: skipping unknown remote manifest agent agent="qwen"
2026-08-14T17:04:05.420806Z  INFO herdr::logging: integration action finished event="integration.action" subsystem="integration" outcome="ok" action="install" target="claude"
2026-08-14T17:04:05.429829Z  INFO herdr::logging: integration action finished event="integration.action" subsystem="integration" outcome="ok" action="install" target="codex"
2026-08-14T17:04:05.430944Z  INFO herdr::logging: integration action finished event="integration.action" subsystem="integration" outcome="ok" action="install" target="cursor"
2026-08-14T17:04:10.446323Z  INFO herdr::logging: session saved event="persist.save" subsystem="persist" outcome="ok" path=/Users/siwe001/.config/herdr/session.json workspaces=4
2026-08-14T17:04:17.648751Z  INFO herdr::server::headless: client resize client_id=2 cols=213 rows=62 cell_width_px=0 cell_height_px=0
2026-08-14T18:50:34.460899Z  INFO herdr::logging: checking for updates event="update.check.start" subsystem="update" outcome="started"
2026-08-14T18:50:34.724179Z  WARN herdr::detect::manifest_update: skipping unknown remote manifest agent agent="qwen"
2026-08-15T01:31:36.869352Z  INFO herdr::logging: checking for updates event="update.check.start" subsystem="update" outcome="started"
2026-08-15T01:31:37.050833Z  WARN herdr::detect::manifest_update: skipping unknown remote manifest agent agent="qwen"
2026-08-15T09:09:48.135820Z  INFO herdr::logging: checking for updates event="update.check.start" subsystem="update" outcome="started"
2026-08-15T09:09:48.323041Z  WARN herdr::detect::manifest_update: skipping unknown remote manifest agent agent="qwen"
2026-08-15T09:40:23.448284Z  INFO herdr::logging: checking for updates event="update.check.start" subsystem="update" outcome="started"
2026-08-15T09:40:23.663725Z  WARN herdr::detect::manifest_update: skipping unknown remote manifest agent agent="qwen"
2026-08-15T10:10:23.411543Z  INFO herdr::logging: checking for updates event="update.check.start" subsystem="update" outcome="started"
2026-08-15T10:10:23.588378Z  WARN herdr::detect::manifest_update: skipping unknown remote manifest agent agent="qwen"
2026-08-15T17:35:39.503441Z  INFO herdr::logging: checking for updates event="update.check.start" subsystem="update" outcome="started"
2026-08-15T17:35:39.715235Z  WARN herdr::detect::manifest_update: skipping unknown remote manifest agent agent="qwen"
2026-08-15T18:05:39.503652Z  INFO herdr::logging: checking for updates event="update.check.start" subsystem="update" outcome="started"
2026-08-15T18:05:39.723049Z  WARN herdr::detect::manifest_update: skipping unknown remote manifest agent agent="qwen"
2026-08-15T20:29:09.143531Z  INFO herdr::logging: checking for updates event="update.check.start" subsystem="update" outcome="started"
2026-08-15T20:29:09.345557Z  WARN herdr::detect::manifest_update: skipping unknown remote manifest agent agent="qwen"
2026-08-16T08:21:39.794229Z  INFO herdr::server::headless: client resize client_id=2 cols=213 rows=61 cell_width_px=0 cell_height_px=0
2026-08-16T08:21:39.896586Z  INFO herdr::server::headless: client resize client_id=2 cols=213 rows=61 cell_width_px=0 cell_height_px=0
2026-08-16T08:25:40.855105Z  INFO herdr::server::headless: client resize client_id=2 cols=213 rows=62 cell_width_px=0 cell_height_px=0
2026-08-16T08:25:43.866739Z  INFO herdr::logging: checking for updates event="update.check.start" subsystem="update" outcome="started"
2026-08-16T08:25:44.050187Z  WARN herdr::detect::manifest_update: skipping unknown remote manifest agent agent="qwen"
2026-08-16T08:55:43.853092Z  INFO herdr::logging: checking for updates event="update.check.start" subsystem="update" outcome="started"
2026-08-16T08:55:44.078954Z  WARN herdr::detect::manifest_update: skipping unknown remote manifest agent agent="qwen"
2026-08-16T09:25:43.860088Z  INFO herdr::logging: checking for updates event="update.check.start" subsystem="update" outcome="started"
2026-08-16T09:25:44.085796Z  WARN herdr::detect::manifest_update: skipping unknown remote manifest agent agent="qwen"
2026-08-16T10:16:42.592888Z  INFO herdr::server::headless: client resize client_id=2 cols=213 rows=61 cell_width_px=0 cell_height_px=0
2026-08-16T10:16:42.734867Z  INFO herdr::server::headless: client resize client_id=2 cols=213 rows=61 cell_width_px=0 cell_height_px=0
2026-08-16T10:16:43.167345Z  INFO herdr::server::headless: client resize client_id=2 cols=213 rows=62 cell_width_px=0 cell_height_px=0
2026-08-16T10:21:18.950564Z  INFO herdr::logging: checking for updates event="update.check.start" subsystem="update" outcome="started"
2026-08-16T10:21:19.154742Z  WARN herdr::detect::manifest_update: skipping unknown remote manifest agent agent="qwen"
2026-08-16T11:13:59.722684Z  INFO herdr::logging: checking for updates event="update.check.start" subsystem="update" outcome="started"
2026-08-16T11:13:59.986688Z  WARN herdr::detect::manifest_update: skipping unknown remote manifest agent agent="qwen"
2026-08-16T11:59:50.278612Z  INFO herdr::server::headless: client resize client_id=2 cols=213 rows=64 cell_width_px=0 cell_height_px=0
2026-08-16T11:59:51.625994Z  INFO herdr::logging: checking for updates event="update.check.start" subsystem="update" outcome="started"
2026-08-16T11:59:51.826300Z  WARN herdr::detect::manifest_update: skipping unknown remote manifest agent agent="qwen"
2026-08-16T11:59:51.963555Z  INFO herdr::server::headless: client resize client_id=2 cols=213 rows=62 cell_width_px=0 cell_height_px=0
2026-08-16T12:29:51.636859Z  INFO herdr::logging: checking for updates event="update.check.start" subsystem="update" outcome="started"
2026-08-16T12:29:51.857402Z  WARN herdr::detect::manifest_update: skipping unknown remote manifest agent agent="qwen"
2026-08-16T12:57:08.523097Z  INFO herdr::server::headless: client resize client_id=2 cols=213 rows=61 cell_width_px=0 cell_height_px=0
2026-08-16T12:57:08.646391Z  INFO herdr::server::headless: client resize client_id=2 cols=213 rows=61 cell_width_px=0 cell_height_px=0
2026-08-16T12:57:08.751284Z  INFO herdr::server::headless: client resize client_id=2 cols=213 rows=61 cell_width_px=0 cell_height_px=0
2026-08-16T12:57:09.170966Z  INFO herdr::server::headless: client resize client_id=2 cols=213 rows=62 cell_width_px=0 cell_height_px=0
2026-08-16T13:05:34.208994Z  INFO herdr::logging: checking for updates event="update.check.start" subsystem="update" outcome="started"
2026-08-16T13:05:34.419303Z  WARN herdr::detect::manifest_update: skipping unknown remote manifest agent agent="qwen"
2026-08-16T16:23:39.291062Z  INFO herdr::server::headless: client resize client_id=2 cols=213 rows=61 cell_width_px=0 cell_height_px=0
2026-08-16T16:23:39.418220Z  INFO herdr::server::headless: client resize client_id=2 cols=427 rows=122 cell_width_px=0 cell_height_px=0
2026-08-16T16:23:39.520267Z  INFO herdr::server::headless: client resize client_id=2 cols=213 rows=61 cell_width_px=0 cell_height_px=0
2026-08-16T16:23:40.010453Z  INFO herdr::server::headless: client resize client_id=2 cols=213 rows=62 cell_width_px=0 cell_height_px=0
2026-08-16T16:34:05.760956Z  INFO herdr::logging: checking for updates event="update.check.start" subsystem="update" outcome="started"
2026-08-16T16:34:06.243078Z  WARN herdr::detect::manifest_update: skipping unknown remote manifest agent agent="qwen"
2026-08-16T17:04:05.767623Z  INFO herdr::logging: checking for updates event="update.check.start" subsystem="update" outcome="started"
2026-08-16T17:04:05.972900Z  WARN herdr::detect::manifest_update: skipping unknown remote manifest agent agent="qwen"
2026-08-16T17:34:05.668845Z  INFO herdr::logging: checking for updates event="update.check.start" subsystem="update" outcome="started"
2026-08-16T17:34:05.866422Z  WARN herdr::detect::manifest_update: skipping unknown remote manifest agent agent="qwen"
2026-08-16T22:31:02.813027Z  INFO herdr::logging: checking for updates event="update.check.start" subsystem="update" outcome="started"
2026-08-16T22:31:03.288739Z  WARN herdr::detect::manifest_update: skipping unknown remote manifest agent agent="qwen"
2026-08-17T06:00:44.486817Z  INFO herdr::logging: checking for updates event="update.check.start" subsystem="update" outcome="started"
2026-08-17T06:00:44.608564Z  WARN herdr::detect::manifest_update: skipping unknown remote manifest agent agent="qwen"
2026-08-17T06:17:28.325020Z  INFO herdr::server::headless: client resize client_id=2 cols=213 rows=64 cell_width_px=0 cell_height_px=0
2026-08-17T06:17:32.828918Z  INFO herdr::logging: workspace focused event="workspace.focus" subsystem="workspace" outcome="ok" workspace_id="w7"
2026-08-17T06:17:32.829159Z  INFO herdr::logging: tab focused event="tab.focus" subsystem="tab" outcome="ok" workspace_id="w7" tab_id="w7:t1"
2026-08-17T06:17:35.278137Z  INFO herdr::logging: workspace focused event="workspace.focus" subsystem="workspace" outcome="ok" workspace_id="wC"
2026-08-17T06:17:35.278384Z  INFO herdr::logging: tab focused event="tab.focus" subsystem="tab" outcome="ok" workspace_id="wC" tab_id="wC:t2"
2026-08-17T06:17:37.528474Z  INFO herdr::logging: workspace focused event="workspace.focus" subsystem="workspace" outcome="ok" workspace_id="wD"
2026-08-17T06:17:37.528720Z  INFO herdr::logging: tab focused event="tab.focus" subsystem="tab" outcome="ok" workspace_id="wD" tab_id="wD:t1"
2026-08-17T06:17:39.178513Z  INFO herdr::logging: workspace focused event="workspace.focus" subsystem="workspace" outcome="ok" workspace_id="wE"
2026-08-17T06:17:39.178750Z  INFO herdr::logging: tab focused event="tab.focus" subsystem="tab" outcome="ok" workspace_id="wE" tab_id="wE:t1"
2026-08-17T06:17:44.190413Z  INFO herdr::logging: session saved event="persist.save" subsystem="persist" outcome="ok" path=/Users/siwe001/.config/herdr/session.json workspaces=4
2026-08-17T06:17:45.944801Z  INFO herdr::logging: tab focused event="tab.focus" subsystem="tab" outcome="ok" workspace_id="wE" tab_id="wE:t2"
2026-08-17T06:17:48.444448Z  INFO herdr::logging: tab focused event="tab.focus" subsystem="tab" outcome="ok" workspace_id="wE" tab_id="wE:t3"
2026-08-17T06:17:49.127876Z  INFO herdr::logging: tab focused event="tab.focus" subsystem="tab" outcome="ok" workspace_id="wE" tab_id="wE:t4"
2026-08-17T06:17:50.104821Z  INFO herdr::logging: pane child exited event="pane.exit" subsystem="pane" outcome="completed" pane_id=9 status="ExitStatus { code: 0, signal: None }"
2026-08-17T06:17:50.105759Z  INFO herdr::pane: pane session terminated pane=9 pid=1969 signal=Hangup
2026-08-17T06:17:50.779337Z  INFO herdr::logging: pane child exited event="pane.exit" subsystem="pane" outcome="completed" pane_id=8 status="ExitStatus { code: 0, signal: None }"
2026-08-17T06:17:50.780320Z  INFO herdr::pane: pane session terminated pane=8 pid=1968 signal=Hangup
2026-08-17T06:17:51.552599Z  INFO herdr::logging: pane child exited event="pane.exit" subsystem="pane" outcome="completed" pane_id=7 status="ExitStatus { code: 0, signal: None }"
2026-08-17T06:17:51.554194Z  INFO herdr::pane: pane session terminated pane=7 pid=1962 signal=Hangup
2026-08-17T06:17:56.561872Z  INFO herdr::logging: session saved event="persist.save" subsystem="persist" outcome="ok" path=/Users/siwe001/.config/herdr/session.json workspaces=4
2026-08-17T06:22:06.300165Z  INFO herdr::pane: agent changed pane=6 previous_agent=None agent=Some(Cursor) process=cursor pgid=Some(50848)
2026-08-17T06:22:15.299659Z  INFO herdr::logging: session saved event="persist.save" subsystem="persist" outcome="ok" path=/Users/siwe001/.config/herdr/session.json workspaces=4
2026-08-17T06:30:40.912910Z  INFO herdr::pane: agent changed pane=6 previous_agent=Some(Cursor) agent=None pgid=Some(1959)
2026-08-17T06:30:41.930323Z  INFO herdr::pane: agent changed pane=6 previous_agent=None agent=Some(Cursor) process=cursor pgid=Some(56283)
2026-08-17T06:30:44.495961Z  INFO herdr::logging: checking for updates event="update.check.start" subsystem="update" outcome="started"
2026-08-17T06:30:44.891279Z  WARN herdr::detect::manifest_update: skipping unknown remote manifest agent agent="qwen"
2026-08-17T06:30:49.048328Z  INFO herdr::app::actions: copied selection to clipboard
2026-08-17T06:30:49.095097Z  INFO herdr::logging: session saved event="persist.save" subsystem="persist" outcome="ok" path=/Users/siwe001/.config/herdr/session.json workspaces=4
2026-08-17T06:34:30.844571Z  INFO herdr::server::headless: client resize client_id=2 cols=213 rows=62 cell_width_px=0 cell_height_px=0
2026-08-17T07:00:46.224107Z  INFO herdr::logging: checking for updates event="update.check.start" subsystem="update" outcome="started"
2026-08-17T07:00:46.774218Z  WARN herdr::detect::manifest_update: skipping unknown remote manifest agent agent="qwen"
2026-08-17T07:30:46.514955Z  INFO herdr::logging: checking for updates event="update.check.start" subsystem="update" outcome="started"
2026-08-17T07:30:46.991818Z  WARN herdr::detect::manifest_update: skipping unknown remote manifest agent agent="qwen"
2026-08-17T08:00:46.475642Z  INFO herdr::logging: checking for updates event="update.check.start" subsystem="update" outcome="started"
2026-08-17T08:00:46.673462Z  WARN herdr::detect::manifest_update: skipping unknown remote manifest agent agent="qwen"
2026-08-17T08:30:46.472339Z  INFO herdr::logging: checking for updates event="update.check.start" subsystem="update" outcome="started"
2026-08-17T08:30:47.370536Z  WARN herdr::detect::manifest_update: skipping unknown remote manifest agent agent="qwen"
2026-08-17T08:32:18.677769Z  INFO herdr::logging: spawning pane terminal event="pane.spawn.start" subsystem="pane" outcome="started" pane_id=10 rows=61 cols=187 scrollback_limit_bytes=10000000
2026-08-17T08:32:18.693458Z  INFO herdr::logging: pane child spawned event="pane.spawned" subsystem="pane" outcome="ok" pane_id=10 pid=30196
2026-08-17T08:32:18.694258Z  INFO herdr::logging: tab focused event="tab.focus" subsystem="tab" outcome="ok" workspace_id="wE" tab_id="wE:t5"
2026-08-17T08:32:23.714536Z  INFO herdr::logging: session saved event="persist.save" subsystem="persist" outcome="ok" path=/Users/siwe001/.config/herdr/session.json workspaces=4
2026-08-17T08:49:12.445806Z  INFO herdr::logging: tab focused event="tab.focus" subsystem="tab" outcome="ok" workspace_id="wE" tab_id="wE:t1"
2026-08-17T08:49:17.457949Z  INFO herdr::logging: session saved event="persist.save" subsystem="persist" outcome="ok" path=/Users/siwe001/.config/herdr/session.json workspaces=4
2026-08-17T08:54:06.346165Z  INFO herdr::logging: tab focused event="tab.focus" subsystem="tab" outcome="ok" workspace_id="wE" tab_id="wE:t5"
2026-08-17T08:54:10.962473Z  INFO herdr::logging: tab focused event="tab.focus" subsystem="tab" outcome="ok" workspace_id="wE" tab_id="wE:t1"
2026-08-17T08:54:15.980102Z  INFO herdr::logging: session saved event="persist.save" subsystem="persist" outcome="ok" path=/Users/siwe001/.config/herdr/session.json workspaces=4
2026-08-17T08:55:17.646011Z  INFO herdr::logging: tab focused event="tab.focus" subsystem="tab" outcome="ok" workspace_id="wE" tab_id="wE:t5"
2026-08-17T08:55:22.655811Z  INFO herdr::logging: session saved event="persist.save" subsystem="persist" outcome="ok" path=/Users/siwe001/.config/herdr/session.json workspaces=4
2026-08-17T09:00:46.494915Z  INFO herdr::logging: checking for updates event="update.check.start" subsystem="update" outcome="started"
2026-08-17T09:00:46.981253Z  WARN herdr::detect::manifest_update: skipping unknown remote manifest agent agent="qwen"
2026-08-17T09:04:21.378164Z  INFO herdr::logging: workspace focused event="workspace.focus" subsystem="workspace" outcome="ok" workspace_id="wD"
2026-08-17T09:04:21.378324Z  INFO herdr::logging: tab focused event="tab.focus" subsystem="tab" outcome="ok" workspace_id="wD" tab_id="wD:t1"
2026-08-17T09:04:22.861095Z  INFO herdr::logging: workspace focused event="workspace.focus" subsystem="workspace" outcome="ok" workspace_id="wE"
2026-08-17T09:04:22.861483Z  INFO herdr::logging: tab focused event="tab.focus" subsystem="tab" outcome="ok" workspace_id="wE" tab_id="wE:t5"
2026-08-17T09:04:27.872241Z  INFO herdr::logging: session saved event="persist.save" subsystem="persist" outcome="ok" path=/Users/siwe001/.config/herdr/session.json workspaces=4
2026-08-17T09:04:31.221856Z  INFO herdr::logging: spawning pane terminal event="pane.spawn.start" subsystem="pane" outcome="started" pane_id=11 rows=61 cols=187 scrollback_limit_bytes=10000000
2026-08-17T09:04:31.234422Z  INFO herdr::logging: pane child spawned event="pane.spawned" subsystem="pane" outcome="ok" pane_id=11 pid=52551
2026-08-17T09:04:31.235052Z  INFO herdr::logging: tab focused event="tab.focus" subsystem="tab" outcome="ok" workspace_id="wE" tab_id="wE:t6"
2026-08-17T09:04:36.253270Z  INFO herdr::logging: session saved event="persist.save" subsystem="persist" outcome="ok" path=/Users/siwe001/.config/herdr/session.json workspaces=4
2026-08-17T09:04:45.727721Z  INFO herdr::logging: tab focused event="tab.focus" subsystem="tab" outcome="ok" workspace_id="wE" tab_id="wE:t1"
2026-08-17T09:04:48.360880Z  INFO herdr::logging: tab focused event="tab.focus" subsystem="tab" outcome="ok" workspace_id="wE" tab_id="wE:t6"
2026-08-17T09:04:53.364705Z  INFO herdr::logging: session saved event="persist.save" subsystem="persist" outcome="ok" path=/Users/siwe001/.config/herdr/session.json workspaces=4
2026-08-17T09:05:06.877629Z  INFO herdr::app::actions: copied selection to clipboard
2026-08-17T09:05:12.495613Z  INFO herdr::logging: tab focused event="tab.focus" subsystem="tab" outcome="ok" workspace_id="wE" tab_id="wE:t1"
2026-08-17T09:05:17.509064Z  INFO herdr::logging: session saved event="persist.save" subsystem="persist" outcome="ok" path=/Users/siwe001/.config/herdr/session.json workspaces=4
2026-08-17T09:11:43.044543Z  INFO herdr::logging: tab focused event="tab.focus" subsystem="tab" outcome="ok" workspace_id="wE" tab_id="wE:t6"
2026-08-17T09:11:48.050318Z  INFO herdr::logging: session saved event="persist.save" subsystem="persist" outcome="ok" path=/Users/siwe001/.config/herdr/session.json workspaces=4
2026-08-17T09:11:54.144491Z  INFO herdr::logging: tab focused event="tab.focus" subsystem="tab" outcome="ok" workspace_id="wE" tab_id="wE:t1"
2026-08-17T09:11:59.155197Z  INFO herdr::logging: session saved event="persist.save" subsystem="persist" outcome="ok" path=/Users/siwe001/.config/herdr/session.json workspaces=4
2026-08-17T09:19:50.461702Z  INFO herdr::logging: tab focused event="tab.focus" subsystem="tab" outcome="ok" workspace_id="wE" tab_id="wE:t6"
2026-08-17T09:19:55.469219Z  INFO herdr::logging: session saved event="persist.save" subsystem="persist" outcome="ok" path=/Users/siwe001/.config/herdr/session.json workspaces=4
2026-08-17T09:20:02.211610Z  INFO herdr::logging: tab focused event="tab.focus" subsystem="tab" outcome="ok" workspace_id="wE" tab_id="wE:t1"
2026-08-17T09:20:07.216996Z  INFO herdr::logging: session saved event="persist.save" subsystem="persist" outcome="ok" path=/Users/siwe001/.config/herdr/session.json workspaces=4
2026-08-17T09:20:40.378353Z  INFO herdr::logging: tab focused event="tab.focus" subsystem="tab" outcome="ok" workspace_id="wE" tab_id="wE:t6"
2026-08-17T09:20:45.389682Z  INFO herdr::logging: session saved event="persist.save" subsystem="persist" outcome="ok" path=/Users/siwe001/.config/herdr/session.json workspaces=4
2026-08-17T09:28:42.498627Z  INFO herdr::logging: tab focused event="tab.focus" subsystem="tab" outcome="ok" workspace_id="wE" tab_id="wE:t1"
2026-08-17T09:28:47.509796Z  INFO herdr::logging: session saved event="persist.save" subsystem="persist" outcome="ok" path=/Users/siwe001/.config/herdr/session.json workspaces=4
2026-08-17T09:30:46.495993Z  INFO herdr::logging: checking for updates event="update.check.start" subsystem="update" outcome="started"
2026-08-17T09:30:46.902962Z  WARN herdr::detect::manifest_update: skipping unknown remote manifest agent agent="qwen"
2026-08-17T10:00:46.413177Z  INFO herdr::logging: checking for updates event="update.check.start" subsystem="update" outcome="started"
2026-08-17T10:00:46.545323Z  WARN herdr::detect::manifest_update: skipping unknown remote manifest agent agent="qwen"
2026-08-17T10:30:46.485164Z  INFO herdr::logging: checking for updates event="update.check.start" subsystem="update" outcome="started"
2026-08-17T10:30:46.613419Z  WARN herdr::detect::manifest_update: skipping unknown remote manifest agent agent="qwen"
2026-08-17T11:00:46.433158Z  INFO herdr::logging: checking for updates event="update.check.start" subsystem="update" outcome="started"
2026-08-17T11:00:46.623709Z  WARN herdr::detect::manifest_update: skipping unknown remote manifest agent agent="qwen"
2026-08-17T11:12:58.405357Z  INFO herdr::logging: tab focused event="tab.focus" subsystem="tab" outcome="ok" workspace_id="wE" tab_id="wE:t5"
2026-08-17T11:13:02.769669Z  INFO herdr::logging: tab focused event="tab.focus" subsystem="tab" outcome="ok" workspace_id="wE" tab_id="wE:t6"
2026-08-17T11:13:07.790720Z  INFO herdr::logging: session saved event="persist.save" subsystem="persist" outcome="ok" path=/Users/siwe001/.config/herdr/session.json workspaces=4
2026-08-17T11:13:15.803585Z  INFO herdr::logging: tab focused event="tab.focus" subsystem="tab" outcome="ok" workspace_id="wE" tab_id="wE:t1"
2026-08-17T11:13:20.815529Z  INFO herdr::logging: session saved event="persist.save" subsystem="persist" outcome="ok" path=/Users/siwe001/.config/herdr/session.json workspaces=4
2026-08-17T11:14:44.759332Z  INFO herdr::logging: tab focused event="tab.focus" subsystem="tab" outcome="ok" workspace_id="wE" tab_id="wE:t5"
2026-08-17T11:14:46.017208Z  INFO herdr::logging: tab focused event="tab.focus" subsystem="tab" outcome="ok" workspace_id="wE" tab_id="wE:t6"
2026-08-17T11:14:51.032198Z  INFO herdr::logging: session saved event="persist.save" subsystem="persist" outcome="ok" path=/Users/siwe001/.config/herdr/session.json workspaces=4
2026-08-17T11:15:27.024308Z  INFO herdr::app::actions: copied double-clicked token to clipboard
2026-08-17T11:20:43.752995Z  INFO herdr::logging: tab focused event="tab.focus" subsystem="tab" outcome="ok" workspace_id="wE" tab_id="wE:t1"
2026-08-17T11:20:48.768098Z  INFO herdr::logging: session saved event="persist.save" subsystem="persist" outcome="ok" path=/Users/siwe001/.config/herdr/session.json workspaces=4
2026-08-17T11:25:26.427333Z  INFO herdr::logging: tab focused event="tab.focus" subsystem="tab" outcome="ok" workspace_id="wE" tab_id="wE:t6"
2026-08-17T11:25:31.437663Z  INFO herdr::logging: session saved event="persist.save" subsystem="persist" outcome="ok" path=/Users/siwe001/.config/herdr/session.json workspaces=4
2026-08-17T11:30:46.414028Z  INFO herdr::logging: checking for updates event="update.check.start" subsystem="update" outcome="started"
2026-08-17T11:30:46.950795Z  WARN herdr::detect::manifest_update: skipping unknown remote manifest agent agent="qwen"
2026-08-17T11:32:23.763517Z  INFO herdr::logging: spawning pane terminal event="pane.spawn.start" subsystem="pane" outcome="started" pane_id=12 rows=61 cols=187 scrollback_limit_bytes=10000000
2026-08-17T11:32:23.771759Z  INFO herdr::logging: pane child spawned event="pane.spawned" subsystem="pane" outcome="ok" pane_id=12 pid=54033
2026-08-17T11:32:23.773612Z  INFO herdr::logging: workspace created event="workspace.create" subsystem="workspace" outcome="ok" workspace_id="wF" pane_id=12
2026-08-17T11:32:23.773862Z  INFO herdr::logging: workspace focused event="workspace.focus" subsystem="workspace" outcome="ok" workspace_id="wF"
2026-08-17T11:32:23.773915Z  INFO herdr::logging: tab focused event="tab.focus" subsystem="tab" outcome="ok" workspace_id="wF" tab_id="wF:t1"
2026-08-17T11:32:28.787921Z  INFO herdr::logging: session saved event="persist.save" subsystem="persist" outcome="ok" path=/Users/siwe001/.config/herdr/session.json workspaces=5
2026-08-17T11:38:37.166300Z  INFO herdr::pane: agent changed pane=12 previous_agent=None agent=Some(Cursor) process=cursor pgid=Some(60161)
2026-08-17T11:38:44.833565Z  INFO herdr::logging: session saved event="persist.save" subsystem="persist" outcome="ok" path=/Users/siwe001/.config/herdr/session.json workspaces=5
2026-08-17T11:43:49.022086Z  INFO herdr::logging: workspace focused event="workspace.focus" subsystem="workspace" outcome="ok" workspace_id="wE"
2026-08-17T11:43:49.024266Z  INFO herdr::logging: tab focused event="tab.focus" subsystem="tab" outcome="ok" workspace_id="wE" tab_id="wE:t6"
2026-08-17T11:43:54.035304Z  INFO herdr::logging: session saved event="persist.save" subsystem="persist" outcome="ok" path=/Users/siwe001/.config/herdr/session.json workspaces=5
2026-08-17T11:43:58.072056Z  INFO herdr::logging: tab focused event="tab.focus" subsystem="tab" outcome="ok" workspace_id="wE" tab_id="wE:t1"
2026-08-17T11:44:03.090905Z  INFO herdr::logging: session saved event="persist.save" subsystem="persist" outcome="ok" path=/Users/siwe001/.config/herdr/session.json workspaces=5
2026-08-17T11:51:35.677468Z  INFO herdr::logging: workspace focused event="workspace.focus" subsystem="workspace" outcome="ok" workspace_id="wF"
2026-08-17T11:51:35.679143Z  INFO herdr::logging: tab focused event="tab.focus" subsystem="tab" outcome="ok" workspace_id="wF" tab_id="wF:t1"
2026-08-17T11:51:40.688493Z  INFO herdr::logging: session saved event="persist.save" subsystem="persist" outcome="ok" path=/Users/siwe001/.config/herdr/session.json workspaces=5
2026-08-17T12:00:46.490711Z  INFO herdr::logging: checking for updates event="update.check.start" subsystem="update" outcome="started"
2026-08-17T12:00:47.369583Z  WARN herdr::detect::manifest_update: skipping unknown remote manifest agent agent="qwen"
2026-08-17T12:30:46.445292Z  INFO herdr::logging: checking for updates event="update.check.start" subsystem="update" outcome="started"
2026-08-17T12:30:46.746047Z  WARN herdr::detect::manifest_update: skipping unknown remote manifest agent agent="qwen"
2026-08-17T13:00:46.437289Z  INFO herdr::logging: checking for updates event="update.check.start" subsystem="update" outcome="started"
2026-08-17T13:00:46.908112Z  WARN herdr::detect::manifest_update: skipping unknown remote manifest agent agent="qwen"
2026-08-17T13:02:13.944604Z  INFO herdr::pane: agent changed pane=12 previous_agent=Some(Cursor) agent=None pgid=Some(54033)
2026-08-17T13:02:18.651122Z  INFO herdr::logging: session saved event="persist.save" subsystem="persist" outcome="ok" path=/Users/siwe001/.config/herdr/session.json workspaces=5
2026-08-17T13:02:29.566357Z  INFO herdr::pane: agent changed pane=12 previous_agent=None agent=Some(Cursor) process=cursor pgid=Some(39681)
2026-08-17T13:02:37.294361Z  INFO herdr::logging: session saved event="persist.save" subsystem="persist" outcome="ok" path=/Users/siwe001/.config/herdr/session.json workspaces=5
2026-08-17T13:30:46.509570Z  INFO herdr::logging: checking for updates event="update.check.start" subsystem="update" outcome="started"
2026-08-17T13:30:47.453829Z  WARN herdr::detect::manifest_update: skipping unknown remote manifest agent agent="qwen"
2026-08-17T13:42:44.974068Z  INFO herdr::server::headless: client detach requested via keybind client_id=2
2026-08-17T13:42:44.979185Z  INFO herdr::server::headless: client disconnected client_id=2
2026-08-17T14:00:46.524962Z  INFO herdr::logging: checking for updates event="update.check.start" subsystem="update" outcome="started"
2026-08-17T14:00:46.635698Z  WARN herdr::detect::manifest_update: skipping unknown remote manifest agent agent="qwen"
2026-08-17T18:18:24.967546Z  INFO herdr::logging: checking for updates event="update.check.start" subsystem="update" outcome="started"
2026-08-17T18:18:25.439887Z  WARN herdr::detect::manifest_update: skipping unknown remote manifest agent agent="qwen"
2026-08-18T02:21:57.205651Z  INFO herdr::logging: checking for updates event="update.check.start" subsystem="update" outcome="started"
2026-08-18T02:21:59.779643Z  WARN herdr::detect::manifest_update: skipping unknown remote manifest agent agent="qwen"
2026-08-18T06:15:57.649870Z  INFO herdr::logging: checking for updates event="update.check.start" subsystem="update" outcome="started"
2026-08-18T06:15:57.813950Z  WARN herdr::detect::manifest_update: skipping unknown remote manifest agent agent="qwen"
2026-08-18T06:46:02.452365Z  INFO herdr::server::headless: client connected client_id=4 cols=213 rows=64 cell_width_px=0 cell_height_px=0 render_encoding=SemanticFrame
2026-08-18T06:46:06.747280Z  INFO herdr::logging: spawning pane terminal event="pane.spawn.start" subsystem="pane" outcome="started" pane_id=13 rows=63 cols=187 scrollback_limit_bytes=10000000
2026-08-18T06:46:06.757177Z  INFO herdr::logging: pane child spawned event="pane.spawned" subsystem="pane" outcome="ok" pane_id=13 pid=12463
2026-08-18T06:46:06.760705Z  INFO herdr::logging: workspace created event="workspace.create" subsystem="workspace" outcome="ok" workspace_id="wG" pane_id=13
2026-08-18T06:46:06.760738Z  INFO herdr::logging: workspace focused event="workspace.focus" subsystem="workspace" outcome="ok" workspace_id="wG"
2026-08-18T06:46:06.760801Z  INFO herdr::logging: tab focused event="tab.focus" subsystem="tab" outcome="ok" workspace_id="wG" tab_id="wG:t1"
2026-08-18T06:46:11.767183Z  INFO herdr::logging: session saved event="persist.save" subsystem="persist" outcome="ok" path=/Users/siwe001/.config/herdr/session.json workspaces=6
2026-08-18T06:46:24.462182Z  INFO herdr::pane: agent changed pane=13 previous_agent=None agent=Some(Cursor) process=cursor pgid=Some(13279)
2026-08-18T06:46:35.646693Z  INFO herdr::logging: session saved event="persist.save" subsystem="persist" outcome="ok" path=/Users/siwe001/.config/herdr/session.json workspaces=6
2026-08-18T06:46:37.281345Z  INFO herdr::logging: checking for updates event="update.check.start" subsystem="update" outcome="started"
2026-08-18T06:46:38.502426Z  WARN herdr::detect::manifest_update: skipping unknown remote manifest agent agent="qwen"
2026-08-18T07:17:00.162051Z  INFO herdr::logging: checking for updates event="update.check.start" subsystem="update" outcome="started"
2026-08-18T07:17:00.326247Z  WARN herdr::detect::manifest_update: skipping unknown remote manifest agent agent="qwen"
2026-08-18T07:50:06.200209Z  INFO herdr::logging: checking for updates event="update.check.start" subsystem="update" outcome="started"
2026-08-18T07:50:06.317567Z  WARN herdr::detect::manifest_update: skipping unknown remote manifest agent agent="qwen"
2026-08-18T08:20:06.210352Z  INFO herdr::logging: checking for updates event="update.check.start" subsystem="update" outcome="started"
2026-08-18T08:20:06.368980Z  WARN herdr::detect::manifest_update: skipping unknown remote manifest agent agent="qwen"
2026-08-18T08:59:01.418420Z  INFO herdr::server::headless: client resize client_id=4 cols=213 rows=63 cell_width_px=0 cell_height_px=0
2026-08-18T08:59:01.810985Z  INFO herdr::server::headless: client resize client_id=4 cols=213 rows=63 cell_width_px=0 cell_height_px=0
2026-08-18T08:59:01.949538Z  INFO herdr::server::headless: client resize client_id=4 cols=213 rows=63 cell_width_px=0 cell_height_px=0
2026-08-18T09:05:25.813280Z  INFO herdr::server::headless: client resize client_id=4 cols=213 rows=64 cell_width_px=0 cell_height_px=0
2026-08-18T09:06:09.220498Z  INFO herdr::logging: workspace focused event="workspace.focus" subsystem="workspace" outcome="ok" workspace_id="wF"
2026-08-18T09:06:09.221098Z  INFO herdr::logging: tab focused event="tab.focus" subsystem="tab" outcome="ok" workspace_id="wF" tab_id="wF:t1"
2026-08-18T09:06:14.240848Z  INFO herdr::logging: session saved event="persist.save" subsystem="persist" outcome="ok" path=/Users/siwe001/.config/herdr/session.json workspaces=6
2026-08-18T09:11:37.297540Z  INFO herdr::logging: checking for updates event="update.check.start" subsystem="update" outcome="started"
2026-08-18T09:11:37.483777Z  WARN herdr::detect::manifest_update: skipping unknown remote manifest agent agent="qwen"
2026-08-18T09:15:29.563267Z  INFO herdr::server::headless: client resize client_id=4 cols=213 rows=62 cell_width_px=0 cell_height_px=0
2026-08-18T09:41:37.292897Z  INFO herdr::logging: checking for updates event="update.check.start" subsystem="update" outcome="started"
2026-08-18T09:41:37.471191Z  WARN herdr::detect::manifest_update: skipping unknown remote manifest agent agent="qwen"
2026-08-18T10:11:37.310342Z  INFO herdr::logging: checking for updates event="update.check.start" subsystem="update" outcome="started"
2026-08-18T10:11:37.460756Z  WARN herdr::detect::manifest_update: skipping unknown remote manifest agent agent="qwen"
2026-08-18T10:41:37.308889Z  INFO herdr::logging: checking for updates event="update.check.start" subsystem="update" outcome="started"
2026-08-18T10:41:37.487353Z  WARN herdr::detect::manifest_update: skipping unknown remote manifest agent agent="qwen"
2026-08-18T11:11:37.323209Z  INFO herdr::logging: checking for updates event="update.check.start" subsystem="update" outcome="started"
2026-08-18T11:11:37.484590Z  WARN herdr::detect::manifest_update: skipping unknown remote manifest agent agent="qwen"
2026-08-18T11:41:37.325197Z  INFO herdr::logging: checking for updates event="update.check.start" subsystem="update" outcome="started"
2026-08-18T11:41:38.062358Z  WARN herdr::detect::manifest_update: skipping unknown remote manifest agent agent="qwen"
2026-08-18T12:11:37.114877Z  INFO herdr::logging: checking for updates event="update.check.start" subsystem="update" outcome="started"
2026-08-18T12:11:37.712103Z  WARN herdr::detect::manifest_update: skipping unknown remote manifest agent agent="qwen"
2026-08-18T12:41:37.043040Z  INFO herdr::logging: checking for updates event="update.check.start" subsystem="update" outcome="started"
2026-08-18T12:41:38.419905Z  WARN herdr::detect::manifest_update: skipping unknown remote manifest agent agent="qwen"
2026-08-18T13:11:36.975839Z  INFO herdr::logging: checking for updates event="update.check.start" subsystem="update" outcome="started"
2026-08-18T13:11:37.273231Z  WARN herdr::detect::manifest_update: skipping unknown remote manifest agent agent="qwen"
2026-08-18T13:41:36.907571Z  INFO herdr::logging: checking for updates event="update.check.start" subsystem="update" outcome="started"
2026-08-18T13:41:37.242557Z  WARN herdr::detect::manifest_update: skipping unknown remote manifest agent agent="qwen"
2026-08-18T14:11:37.396704Z  INFO herdr::logging: checking for updates event="update.check.start" subsystem="update" outcome="started"
2026-08-18T14:11:38.558334Z  WARN herdr::detect::manifest_update: skipping unknown remote manifest agent agent="qwen"
2026-08-18T14:41:37.445730Z  INFO herdr::logging: checking for updates event="update.check.start" subsystem="update" outcome="started"
2026-08-18T14:41:37.619933Z  WARN herdr::detect::manifest_update: skipping unknown remote manifest agent agent="qwen"
2026-08-18T15:11:37.425514Z  INFO herdr::logging: checking for updates event="update.check.start" subsystem="update" outcome="started"
2026-08-18T15:11:38.266105Z  WARN herdr::detect::manifest_update: skipping unknown remote manifest agent agent="qwen"
2026-08-18T15:41:37.444989Z  INFO herdr::logging: checking for updates event="update.check.start" subsystem="update" outcome="started"
2026-08-18T15:41:37.607988Z  WARN herdr::detect::manifest_update: skipping unknown remote manifest agent agent="qwen"
2026-08-18T16:11:37.413652Z  INFO herdr::logging: checking for updates event="update.check.start" subsystem="update" outcome="started"
2026-08-18T16:11:37.854491Z  WARN herdr::detect::manifest_update: skipping unknown remote manifest agent agent="qwen"
2026-08-18T16:41:37.417314Z  INFO herdr::logging: checking for updates event="update.check.start" subsystem="update" outcome="started"
2026-08-18T16:41:37.614870Z  WARN herdr::detect::manifest_update: skipping unknown remote manifest agent agent="qwen"
2026-08-18T17:11:37.370757Z  INFO herdr::logging: checking for updates event="update.check.start" subsystem="update" outcome="started"
2026-08-18T17:11:38.709629Z  WARN herdr::detect::manifest_update: skipping unknown remote manifest agent agent="qwen"
2026-08-18T18:10:58.134831Z  INFO herdr::server::headless: client resize client_id=4 cols=213 rows=61 cell_width_px=0 cell_height_px=0
2026-08-18T18:10:59.322460Z  INFO herdr::server::headless: client resize client_id=4 cols=426 rows=122 cell_width_px=0 cell_height_px=0
2026-08-18T18:11:00.231021Z  INFO herdr::server::headless: client resize client_id=4 cols=213 rows=62 cell_width_px=0 cell_height_px=0
2026-08-18T18:11:00.312085Z  INFO herdr::server::headless: client resize client_id=4 cols=213 rows=62 cell_width_px=0 cell_height_px=0
2026-08-18T18:31:48.110121Z  INFO herdr::logging: checking for updates event="update.check.start" subsystem="update" outcome="started"
2026-08-18T18:31:48.272591Z  WARN herdr::detect::manifest_update: skipping unknown remote manifest agent agent="qwen"
2026-08-18T19:01:48.090739Z  INFO herdr::logging: checking for updates event="update.check.start" subsystem="update" outcome="started"
2026-08-18T19:01:48.261488Z  WARN herdr::detect::manifest_update: skipping unknown remote manifest agent agent="qwen"
2026-08-18T19:31:48.086589Z  INFO herdr::logging: checking for updates event="update.check.start" subsystem="update" outcome="started"
2026-08-18T19:31:48.248080Z  WARN herdr::detect::manifest_update: skipping unknown remote manifest agent agent="qwen"
2026-08-18T20:48:13.092287Z  INFO herdr::logging: checking for updates event="update.check.start" subsystem="update" outcome="started"
2026-08-18T20:48:13.666632Z  WARN herdr::detect::manifest_update: skipping unknown remote manifest agent agent="qwen"
2026-08-19T04:24:52.734860Z  INFO herdr::logging: checking for updates event="update.check.start" subsystem="update" outcome="started"
2026-08-19T04:24:53.020439Z  WARN herdr::detect::manifest_update: skipping unknown remote manifest agent agent="qwen"
2026-08-19T06:23:58.975874Z  INFO herdr::server::headless: client resize client_id=4 cols=213 rows=64 cell_width_px=0 cell_height_px=0
2026-08-19T06:24:02.410079Z  INFO herdr::logging: spawning pane terminal event="pane.spawn.start" subsystem="pane" outcome="started" pane_id=14 rows=63 cols=187 scrollback_limit_bytes=10000000
2026-08-19T06:24:02.428341Z  INFO herdr::logging: pane child spawned event="pane.spawned" subsystem="pane" outcome="ok" pane_id=14 pid=41716
2026-08-19T06:24:02.436201Z  INFO herdr::logging: workspace created event="workspace.create" subsystem="workspace" outcome="ok" workspace_id="wH" pane_id=14
2026-08-19T06:24:02.436635Z  INFO herdr::logging: workspace focused event="workspace.focus" subsystem="workspace" outcome="ok" workspace_id="wH"
2026-08-19T06:24:02.436802Z  INFO herdr::logging: tab focused event="tab.focus" subsystem="tab" outcome="ok" workspace_id="wH" tab_id="wH:t1"
2026-08-19T06:24:07.459332Z  INFO herdr::logging: session saved event="persist.save" subsystem="persist" outcome="ok" path=/Users/siwe001/.config/herdr/session.json workspaces=7
2026-08-19T06:24:16.082124Z  INFO herdr::pane: agent changed pane=14 previous_agent=None agent=Some(Cursor) process=cursor pgid=Some(42474)
2026-08-19T06:24:25.978027Z  INFO herdr::logging: session saved event="persist.save" subsystem="persist" outcome="ok" path=/Users/siwe001/.config/herdr/session.json workspaces=7
2026-08-19T06:24:28.226255Z  INFO herdr::logging: spawning pane terminal event="pane.spawn.start" subsystem="pane" outcome="started" pane_id=15 rows=63 cols=187 scrollback_limit_bytes=10000000
2026-08-19T06:24:28.232220Z  INFO herdr::logging: pane child spawned event="pane.spawned" subsystem="pane" outcome="ok" pane_id=15 pid=43137
2026-08-19T06:24:28.232484Z  INFO herdr::logging: tab focused event="tab.focus" subsystem="tab" outcome="ok" workspace_id="wH" tab_id="wH:t2"
2026-08-19T06:24:33.238410Z  INFO herdr::logging: session saved event="persist.save" subsystem="persist" outcome="ok" path=/Users/siwe001/.config/herdr/session.json workspaces=7
2026-08-19T06:24:43.755535Z  INFO herdr::logging: tab focused event="tab.focus" subsystem="tab" outcome="ok" workspace_id="wH" tab_id="wH:t1"
2026-08-19T06:24:48.762586Z  INFO herdr::logging: session saved event="persist.save" subsystem="persist" outcome="ok" path=/Users/siwe001/.config/herdr/session.json workspaces=7
2026-08-19T06:25:53.389278Z  INFO herdr::logging: workspace focused event="workspace.focus" subsystem="workspace" outcome="ok" workspace_id="w7"
2026-08-19T06:25:53.390253Z  INFO herdr::logging: tab focused event="tab.focus" subsystem="tab" outcome="ok" workspace_id="w7" tab_id="w7:t1"
2026-08-19T06:25:55.322806Z  INFO herdr::logging: workspace focused event="workspace.focus" subsystem="workspace" outcome="ok" workspace_id="wC"
2026-08-19T06:25:55.322915Z  INFO herdr::logging: tab focused event="tab.focus" subsystem="tab" outcome="ok" workspace_id="wC" tab_id="wC:t2"
2026-08-19T06:25:57.922675Z  INFO herdr::logging: workspace focused event="workspace.focus" subsystem="workspace" outcome="ok" workspace_id="wF"
2026-08-19T06:25:57.922739Z  INFO herdr::logging: tab focused event="tab.focus" subsystem="tab" outcome="ok" workspace_id="wF" tab_id="wF:t1"
2026-08-19T06:26:02.932498Z  INFO herdr::logging: session saved event="persist.save" subsystem="persist" outcome="ok" path=/Users/siwe001/.config/herdr/session.json workspaces=7
2026-08-19T06:33:53.275368Z  INFO herdr::logging: workspace focused event="workspace.focus" subsystem="workspace" outcome="ok" workspace_id="wH"
2026-08-19T06:33:53.275854Z  INFO herdr::logging: tab focused event="tab.focus" subsystem="tab" outcome="ok" workspace_id="wH" tab_id="wH:t1"
2026-08-19T06:33:58.288030Z  INFO herdr::logging: session saved event="persist.save" subsystem="persist" outcome="ok" path=/Users/siwe001/.config/herdr/session.json workspaces=7
2026-08-19T06:36:10.795062Z  INFO herdr::logging: checking for updates event="update.check.start" subsystem="update" outcome="started"
2026-08-19T06:36:10.964658Z  WARN herdr::detect::manifest_update: skipping unknown remote manifest agent agent="qwen"
2026-08-19T06:47:57.063715Z  INFO herdr::logging: workspace focused event="workspace.focus" subsystem="workspace" outcome="ok" workspace_id="wF"
2026-08-19T06:47:57.065271Z  INFO herdr::logging: tab focused event="tab.focus" subsystem="tab" outcome="ok" workspace_id="wF" tab_id="wF:t1"
2026-08-19T06:48:02.074533Z  INFO herdr::logging: session saved event="persist.save" subsystem="persist" outcome="ok" path=/Users/siwe001/.config/herdr/session.json workspaces=7
2026-08-19T07:06:10.800389Z  INFO herdr::logging: checking for updates event="update.check.start" subsystem="update" outcome="started"
2026-08-19T07:06:10.962995Z  WARN herdr::detect::manifest_update: skipping unknown remote manifest agent agent="qwen"
2026-08-19T07:43:37.515859Z  INFO herdr::logging: checking for updates event="update.check.start" subsystem="update" outcome="started"
2026-08-19T07:43:37.659555Z  WARN herdr::detect::manifest_update: skipping unknown remote manifest agent agent="qwen"
2026-08-19T08:13:37.520901Z  INFO herdr::logging: checking for updates event="update.check.start" subsystem="update" outcome="started"
2026-08-19T08:13:37.687787Z  WARN herdr::detect::manifest_update: skipping unknown remote manifest agent agent="qwen"
2026-08-19T08:40:35.751756Z  INFO herdr::server::headless: client resize client_id=4 cols=213 rows=62 cell_width_px=0 cell_height_px=0
2026-08-19T08:43:37.531447Z  INFO herdr::logging: checking for updates event="update.check.start" subsystem="update" outcome="started"
2026-08-19T08:43:37.688444Z  WARN herdr::detect::manifest_update: skipping unknown remote manifest agent agent="qwen"
2026-08-19T09:13:37.507826Z  INFO herdr::logging: checking for updates event="update.check.start" subsystem="update" outcome="started"
2026-08-19T09:13:37.653953Z  WARN herdr::detect::manifest_update: skipping unknown remote manifest agent agent="qwen"
2026-08-19T09:34:28.584475Z  INFO herdr::server::headless: client detached client_id=4
2026-08-19T09:34:28.587687Z  INFO herdr::server::headless: client disconnected client_id=4
2026-08-19T09:34:38.086451Z  INFO herdr::server::headless: server shutdown initiated
2026-08-19T09:34:38.138349Z  INFO herdr::server::headless: completing server shutdown
2026-08-19T09:34:38.172037Z  INFO herdr::logging: session saved event="persist.save" subsystem="persist" outcome="ok" path=/Users/siwe001/.config/herdr/session.json workspaces=7
2026-08-19T09:34:38.175815Z  INFO herdr::server::headless: headless server exiting
2026-08-19T09:34:38.187493Z  INFO herdr::logging: pane child exited event="pane.exit" subsystem="pane" outcome="completed" pane_id=11 status="ExitStatus { code: 1, signal: None }"
2026-08-19T09:34:38.206816Z  INFO herdr::pane: pane session terminated pane=11 pid=52551 signal=Hangup
2026-08-19T09:34:38.228308Z  INFO herdr::logging: pane child exited event="pane.exit" subsystem="pane" outcome="completed" pane_id=14 status="ExitStatus { code: 1, signal: None }"
2026-08-19T09:34:38.528383Z  INFO herdr::pane: pane session terminated pane=14 pid=41716 signal=Terminate
2026-08-19T09:34:38.533829Z  INFO herdr::logging: pane child exited event="pane.exit" subsystem="pane" outcome="completed" pane_id=4 status="ExitStatus { code: 1, signal: None }"
2026-08-19T09:34:38.550501Z  INFO herdr::pane: pane session terminated pane=4 pid=1952 signal=Hangup
2026-08-19T09:34:38.555822Z  INFO herdr::logging: pane child exited event="pane.exit" subsystem="pane" outcome="completed" pane_id=12 status="ExitStatus { code: 1, signal: None }"
2026-08-19T09:34:38.576660Z  INFO herdr::pane: pane session terminated pane=12 pid=54033 signal=Hangup
2026-08-19T09:34:38.582681Z  INFO herdr::logging: pane child exited event="pane.exit" subsystem="pane" outcome="completed" pane_id=15 status="ExitStatus { code: 1, signal: None }"
2026-08-19T09:34:38.602405Z  INFO herdr::pane: pane session terminated pane=15 pid=43137 signal=Hangup
2026-08-19T09:34:38.607986Z  INFO herdr::logging: pane child exited event="pane.exit" subsystem="pane" outcome="completed" pane_id=6 status="ExitStatus { code: 1, signal: None }"
2026-08-19T09:34:38.628471Z  INFO herdr::pane: pane session terminated pane=6 pid=1959 signal=Hangup
2026-08-19T09:34:38.633144Z  INFO herdr::logging: pane child exited event="pane.exit" subsystem="pane" outcome="completed" pane_id=10 status="ExitStatus { code: 1, signal: None }"
2026-08-19T09:34:38.652434Z  INFO herdr::pane: pane session terminated pane=10 pid=30196 signal=Hangup
2026-08-19T09:34:38.659099Z  INFO herdr::logging: pane child exited event="pane.exit" subsystem="pane" outcome="completed" pane_id=13 status="ExitStatus { code: 1, signal: None }"
2026-08-19T09:34:38.680191Z  INFO herdr::pane: pane session terminated pane=13 pid=12463 signal=Hangup
2026-08-19T09:34:38.685314Z  INFO herdr::logging: pane child exited event="pane.exit" subsystem="pane" outcome="completed" pane_id=5 status="ExitStatus { code: 1, signal: None }"
2026-08-19T09:34:38.706578Z  INFO herdr::pane: pane session terminated pane=5 pid=1956 signal=Hangup
2026-08-19T09:34:38.710982Z  INFO herdr::logging: pane child exited event="pane.exit" subsystem="pane" outcome="completed" pane_id=2 status="ExitStatus { code: 1, signal: None }"
2026-08-19T09:34:38.732171Z  INFO herdr::pane: pane session terminated pane=2 pid=1950 signal=Hangup
2026-08-19T09:34:38.736728Z  INFO herdr::logging: pane child exited event="pane.exit" subsystem="pane" outcome="completed" pane_id=1 status="ExitStatus { code: 1, signal: None }"
2026-08-19T09:34:38.757537Z  INFO herdr::pane: pane session terminated pane=1 pid=1949 signal=Hangup
2026-08-19T09:34:38.761855Z  INFO herdr::logging: pane child exited event="pane.exit" subsystem="pane" outcome="completed" pane_id=3 status="ExitStatus { code: 1, signal: None }"
2026-08-19T09:34:38.783119Z  INFO herdr::pane: pane session terminated pane=3 pid=1951 signal=Hangup
2026-08-19T09:34:38.786260Z  INFO herdr::logging: herdr exiting event="app.shutdown" subsystem="server" outcome="completed" pid=1948
2026-08-19T09:48:42.710305Z  INFO herdr::platform::macos: raised server file descriptor soft limit previous=256 target=8192
2026-08-19T09:48:42.711357Z  INFO herdr::api::server: api server listening path=/Users/siwe001/.config/herdr/herdr.sock
2026-08-19T09:48:42.713433Z  INFO herdr::logging: spawning pane terminal event="pane.spawn.start" subsystem="pane" outcome="started" pane_id=1 rows=24 cols=80 scrollback_limit_bytes=10000000
2026-08-19T09:48:42.720364Z  INFO herdr::logging: pane child spawned event="pane.spawned" subsystem="pane" outcome="ok" pane_id=1 pid=6433
2026-08-19T09:48:42.720902Z  INFO herdr::logging: spawning pane terminal event="pane.spawn.start" subsystem="pane" outcome="started" pane_id=2 rows=24 cols=80 scrollback_limit_bytes=10000000
2026-08-19T09:48:42.725848Z  INFO herdr::logging: pane child spawned event="pane.spawned" subsystem="pane" outcome="ok" pane_id=2 pid=6434
2026-08-19T09:48:42.731097Z  INFO herdr::logging: spawning pane terminal event="pane.spawn.start" subsystem="pane" outcome="started" pane_id=3 rows=24 cols=80 scrollback_limit_bytes=10000000
2026-08-19T09:48:42.734741Z  INFO herdr::logging: pane child spawned event="pane.spawned" subsystem="pane" outcome="ok" pane_id=3 pid=6435
2026-08-19T09:48:42.734941Z  INFO herdr::logging: spawning pane terminal event="pane.spawn.start" subsystem="pane" outcome="started" pane_id=4 rows=24 cols=80 scrollback_limit_bytes=10000000
2026-08-19T09:48:42.738628Z  INFO herdr::logging: pane child spawned event="pane.spawned" subsystem="pane" outcome="ok" pane_id=4 pid=6436
2026-08-19T09:48:42.743415Z  INFO herdr::logging: spawning pane terminal event="pane.spawn.start" subsystem="pane" outcome="started" pane_id=5 rows=24 cols=80 scrollback_limit_bytes=10000000
2026-08-19T09:48:42.747451Z  INFO herdr::logging: pane child spawned event="pane.spawned" subsystem="pane" outcome="ok" pane_id=5 pid=6441
2026-08-19T09:48:42.750245Z  INFO herdr::logging: spawning pane terminal event="pane.spawn.start" subsystem="pane" outcome="started" pane_id=7 rows=24 cols=80 scrollback_limit_bytes=10000000
2026-08-19T09:48:42.753710Z  INFO herdr::logging: pane child spawned event="pane.spawned" subsystem="pane" outcome="ok" pane_id=7 pid=6443
2026-08-19T09:48:42.753855Z  INFO herdr::logging: spawning pane terminal event="pane.spawn.start" subsystem="pane" outcome="started" pane_id=8 rows=24 cols=80 scrollback_limit_bytes=10000000
2026-08-19T09:48:42.758137Z  INFO herdr::logging: pane child spawned event="pane.spawned" subsystem="pane" outcome="ok" pane_id=8 pid=6446
2026-08-19T09:48:42.765835Z  INFO herdr::logging: spawning pane terminal event="pane.spawn.start" subsystem="pane" outcome="started" pane_id=12 rows=24 cols=80 scrollback_limit_bytes=10000000
2026-08-19T09:48:42.769504Z  INFO herdr::logging: pane child spawned event="pane.spawned" subsystem="pane" outcome="ok" pane_id=12 pid=6455
2026-08-19T09:48:42.772558Z  INFO herdr::logging: session restore evaluated event="persist.restore" subsystem="persist" outcome="ok" workspaces=7
2026-08-19T09:48:42.772593Z  INFO herdr::app: using pane scrollback configuration pane_scrollback_limit_bytes=10000000
2026-08-19T09:48:42.834160Z  INFO herdr::logging: checking for updates event="update.check.start" subsystem="update" outcome="started"
2026-08-19T09:48:42.856903Z  INFO herdr::server::headless: restored session already has workspaces; ignoring startup cwd cwd=/Users/siwe001
2026-08-19T09:48:42.857183Z  INFO herdr::server::headless: client protocol socket listening path=/Users/siwe001/.config/herdr/herdr-client.sock
2026-08-19T09:48:42.857244Z  INFO herdr::server::headless: herdr server started api_socket=/Users/siwe001/.config/herdr/herdr.sock client_socket=/Users/siwe001/.config/herdr/herdr-client.sock
2026-08-19T09:48:42.857307Z  INFO herdr::logging: herdr starting event="app.startup" subsystem="server" outcome="started" pid=6432
2026-08-19T09:48:42.862158Z  INFO herdr::server::headless: client connected client_id=2 cols=213 rows=64 cell_width_px=0 cell_height_px=0 render_encoding=SemanticFrame
2026-08-19T09:48:42.878194Z  INFO herdr::logging: spawning pane terminal event="pane.spawn.start" subsystem="pane" outcome="started" pane_id=6 rows=63 cols=186 scrollback_limit_bytes=10000000
2026-08-19T09:48:42.882668Z  INFO herdr::logging: pane child spawned event="pane.spawned" subsystem="pane" outcome="ok" pane_id=6 pid=6597
2026-08-19T09:48:42.882932Z  INFO herdr::logging: spawning pane terminal event="pane.spawn.start" subsystem="pane" outcome="started" pane_id=9 rows=63 cols=187 scrollback_limit_bytes=10000000
2026-08-19T09:48:42.889728Z  INFO herdr::logging: pane child spawned event="pane.spawned" subsystem="pane" outcome="ok" pane_id=9 pid=6600
2026-08-19T09:48:42.889905Z  INFO herdr::logging: spawning pane terminal event="pane.spawn.start" subsystem="pane" outcome="started" pane_id=10 rows=63 cols=186 scrollback_limit_bytes=10000000
2026-08-19T09:48:42.895655Z  INFO herdr::logging: pane child spawned event="pane.spawned" subsystem="pane" outcome="ok" pane_id=10 pid=6602
2026-08-19T09:48:42.895823Z  INFO herdr::logging: spawning pane terminal event="pane.spawn.start" subsystem="pane" outcome="started" pane_id=11 rows=63 cols=186 scrollback_limit_bytes=10000000
2026-08-19T09:48:42.900955Z  INFO herdr::logging: pane child spawned event="pane.spawned" subsystem="pane" outcome="ok" pane_id=11 pid=6603
2026-08-19T09:48:43.037117Z  WARN herdr::detect::manifest_update: skipping unknown remote manifest agent agent="qwen"
2026-08-19T09:48:45.832053Z  INFO herdr::logging: workspace focused event="workspace.focus" subsystem="workspace" outcome="ok" workspace_id="wH"
2026-08-19T09:48:45.832101Z  INFO herdr::logging: tab focused event="tab.focus" subsystem="tab" outcome="ok" workspace_id="wH" tab_id="wH:t1"
2026-08-19T09:48:47.987430Z  INFO herdr::pane: agent changed pane=6 previous_agent=None agent=Some(Cursor) process=cursor-agent pgid=Some(12506)
2026-08-19T09:48:47.987430Z  INFO herdr::pane: agent changed pane=11 previous_agent=None agent=Some(Cursor) process=cursor-agent pgid=Some(12487)
2026-08-19T09:48:47.987501Z  INFO herdr::pane: agent changed pane=10 previous_agent=None agent=Some(Cursor) process=cursor-agent pgid=Some(12485)
2026-08-19T09:48:47.987430Z  INFO herdr::pane: agent changed pane=9 previous_agent=None agent=Some(Cursor) process=cursor-agent pgid=Some(12486)
2026-08-19T09:48:50.840611Z  INFO herdr::logging: session saved event="persist.save" subsystem="persist" outcome="ok" path=/Users/siwe001/.config/herdr/session.json workspaces=7
2026-08-19T09:48:53.736934Z  INFO herdr::logging: tab focused event="tab.focus" subsystem="tab" outcome="ok" workspace_id="wH" tab_id="wH:t2"
2026-08-19T09:48:58.742056Z  INFO herdr::logging: session saved event="persist.save" subsystem="persist" outcome="ok" path=/Users/siwe001/.config/herdr/session.json workspaces=7
2026-08-19T10:18:42.853163Z  INFO herdr::logging: checking for updates event="update.check.start" subsystem="update" outcome="started"
2026-08-19T10:18:43.027130Z  WARN herdr::detect::manifest_update: skipping unknown remote manifest agent agent="qwen"
2026-08-19T10:48:42.854965Z  INFO herdr::logging: checking for updates event="update.check.start" subsystem="update" outcome="started"
2026-08-19T10:48:43.045673Z  WARN herdr::detect::manifest_update: skipping unknown remote manifest agent agent="qwen"
2026-08-19T11:04:45.645764Z  INFO herdr::logging: tab focused event="tab.focus" subsystem="tab" outcome="ok" workspace_id="wH" tab_id="wH:t1"
2026-08-19T11:04:50.658195Z  INFO herdr::logging: session saved event="persist.save" subsystem="persist" outcome="ok" path=/Users/siwe001/.config/herdr/session.json workspaces=7
2026-08-19T11:19:33.872551Z  INFO herdr::logging: checking for updates event="update.check.start" subsystem="update" outcome="started"
2026-08-19T11:19:34.015804Z  WARN herdr::detect::manifest_update: skipping unknown remote manifest agent agent="qwen"
2026-08-19T11:28:11.760798Z  INFO herdr::logging: workspace focused event="workspace.focus" subsystem="workspace" outcome="ok" workspace_id="wG"
2026-08-19T11:28:11.761132Z  INFO herdr::logging: tab focused event="tab.focus" subsystem="tab" outcome="ok" workspace_id="wG" tab_id="wG:t1"
2026-08-19T11:28:16.290860Z  INFO herdr::logging: spawning pane terminal event="pane.spawn.start" subsystem="pane" outcome="started" pane_id=13 rows=63 cols=187 scrollback_limit_bytes=10000000
2026-08-19T11:28:16.299788Z  INFO herdr::logging: pane child spawned event="pane.spawned" subsystem="pane" outcome="ok" pane_id=13 pid=66869
2026-08-19T11:28:16.300331Z  INFO herdr::logging: tab focused event="tab.focus" subsystem="tab" outcome="ok" workspace_id="wG" tab_id="wG:t2"
2026-08-19T11:28:21.313040Z  INFO herdr::logging: session saved event="persist.save" subsystem="persist" outcome="ok" path=/Users/siwe001/.config/herdr/session.json workspaces=7
2026-08-19T11:49:33.896707Z  INFO herdr::logging: checking for updates event="update.check.start" subsystem="update" outcome="started"
2026-08-19T11:49:34.033930Z  WARN herdr::detect::manifest_update: skipping unknown remote manifest agent agent="qwen"
2026-08-19T11:52:53.618883Z  INFO herdr::logging: workspace focused event="workspace.focus" subsystem="workspace" outcome="ok" workspace_id="wE"
2026-08-19T11:52:53.619364Z  INFO herdr::logging: tab focused event="tab.focus" subsystem="tab" outcome="ok" workspace_id="wE" tab_id="wE:t1"
2026-08-19T11:52:55.168751Z  INFO herdr::logging: tab focused event="tab.focus" subsystem="tab" outcome="ok" workspace_id="wE" tab_id="wE:t6"
2026-08-19T11:53:00.184804Z  INFO herdr::logging: session saved event="persist.save" subsystem="persist" outcome="ok" path=/Users/siwe001/.config/herdr/session.json workspaces=7
2026-08-19T11:53:04.851939Z  INFO herdr::logging: tab focused event="tab.focus" subsystem="tab" outcome="ok" workspace_id="wE" tab_id="wE:t1"
2026-08-19T11:53:09.861664Z  INFO herdr::logging: session saved event="persist.save" subsystem="persist" outcome="ok" path=/Users/siwe001/.config/herdr/session.json workspaces=7
2026-08-19T11:53:18.319144Z  INFO herdr::logging: tab focused event="tab.focus" subsystem="tab" outcome="ok" workspace_id="wE" tab_id="wE:t6"
2026-08-19T11:53:23.325318Z  INFO herdr::logging: session saved event="persist.save" subsystem="persist" outcome="ok" path=/Users/siwe001/.config/herdr/session.json workspaces=7
2026-08-19T12:19:33.905265Z  INFO herdr::logging: checking for updates event="update.check.start" subsystem="update" outcome="started"
2026-08-19T12:19:34.100153Z  WARN herdr::detect::manifest_update: skipping unknown remote manifest agent agent="qwen"
2026-08-19T12:38:02.878031Z  INFO herdr::logging: tab focused event="tab.focus" subsystem="tab" outcome="ok" workspace_id="wE" tab_id="wE:t1"
2026-08-19T12:38:12.068659Z  INFO herdr::logging: tab focused event="tab.focus" subsystem="tab" outcome="ok" workspace_id="wE" tab_id="wE:t1"
2026-08-19T12:38:30.136936Z  INFO herdr::logging: session saved event="persist.save" subsystem="persist" outcome="ok" path=/Users/siwe001/.config/herdr/session.json workspaces=7
2026-08-19T12:44:16.261518Z  INFO herdr::logging: tab focused event="tab.focus" subsystem="tab" outcome="ok" workspace_id="wE" tab_id="wE:t6"
2026-08-19T12:44:21.276349Z  INFO herdr::logging: session saved event="persist.save" subsystem="persist" outcome="ok" path=/Users/siwe001/.config/herdr/session.json workspaces=7
2026-08-19T12:44:22.311131Z  INFO herdr::logging: tab focused event="tab.focus" subsystem="tab" outcome="ok" workspace_id="wE" tab_id="wE:t1"
2026-08-19T12:44:25.399383Z  INFO herdr::pane: agent changed pane=6 previous_agent=Some(Cursor) agent=None pgid=Some(6597)
2026-08-19T12:44:30.103707Z  INFO herdr::logging: session saved event="persist.save" subsystem="persist" outcome="ok" path=/Users/siwe001/.config/herdr/session.json workspaces=7
2026-08-19T12:44:30.959915Z  INFO herdr::pane: agent changed pane=6 previous_agent=None agent=Some(Cursor) process=cursor pgid=Some(46981)
2026-08-19T12:44:38.830615Z  INFO herdr::logging: session saved event="persist.save" subsystem="persist" outcome="ok" path=/Users/siwe001/.config/herdr/session.json workspaces=7
2026-08-19T12:49:33.843456Z  INFO herdr::logging: checking for updates event="update.check.start" subsystem="update" outcome="started"
2026-08-19T12:49:33.995372Z  WARN herdr::detect::manifest_update: skipping unknown remote manifest agent agent="qwen"
2026-08-19T13:18:39.035338Z  INFO herdr::logging: workspace focused event="workspace.focus" subsystem="workspace" outcome="ok" workspace_id="wF"
2026-08-19T13:18:39.036425Z  INFO herdr::logging: tab focused event="tab.focus" subsystem="tab" outcome="ok" workspace_id="wF" tab_id="wF:t1"
2026-08-19T13:18:44.053568Z  INFO herdr::logging: session saved event="persist.save" subsystem="persist" outcome="ok" path=/Users/siwe001/.config/herdr/session.json workspaces=7
2026-08-19T13:19:00.603372Z  INFO herdr::logging: spawning pane terminal event="pane.spawn.start" subsystem="pane" outcome="started" pane_id=14 rows=63 cols=187 scrollback_limit_bytes=10000000
2026-08-19T13:19:00.612036Z  INFO herdr::logging: pane child spawned event="pane.spawned" subsystem="pane" outcome="ok" pane_id=14 pid=78398
2026-08-19T13:19:00.612418Z  INFO herdr::logging: tab focused event="tab.focus" subsystem="tab" outcome="ok" workspace_id="wF" tab_id="wF:t2"
2026-08-19T13:19:05.632865Z  INFO herdr::logging: session saved event="persist.save" subsystem="persist" outcome="ok" path=/Users/siwe001/.config/herdr/session.json workspaces=7
2026-08-19T13:26:32.686584Z  INFO herdr::logging: checking for updates event="update.check.start" subsystem="update" outcome="started"
2026-08-19T13:26:32.873699Z  WARN herdr::detect::manifest_update: skipping unknown remote manifest agent agent="qwen"
2026-08-19T13:56:32.688387Z  INFO herdr::logging: checking for updates event="update.check.start" subsystem="update" outcome="started"
2026-08-19T13:56:32.887518Z  WARN herdr::detect::manifest_update: skipping unknown remote manifest agent agent="qwen"
2026-08-19T14:26:32.645062Z  INFO herdr::logging: checking for updates event="update.check.start" subsystem="update" outcome="started"
2026-08-19T14:26:32.823419Z  WARN herdr::detect::manifest_update: skipping unknown remote manifest agent agent="qwen"
2026-08-19T14:56:32.701612Z  INFO herdr::logging: checking for updates event="update.check.start" subsystem="update" outcome="started"
2026-08-19T14:56:32.923518Z  WARN herdr::detect::manifest_update: skipping unknown remote manifest agent agent="qwen"
2026-08-19T14:57:21.540893Z  INFO herdr::server::headless: client resize client_id=2 cols=213 rows=62 cell_width_px=0 cell_height_px=0
2026-08-19T15:03:46.363405Z  INFO herdr::server::headless: client resize client_id=2 cols=213 rows=61 cell_width_px=0 cell_height_px=0
2026-08-19T15:03:46.875198Z  INFO herdr::server::headless: client resize client_id=2 cols=213 rows=61 cell_width_px=0 cell_height_px=0
2026-08-19T15:03:47.176882Z  INFO herdr::server::headless: client resize client_id=2 cols=213 rows=61 cell_width_px=0 cell_height_px=0
2026-08-19T16:34:19.204813Z  INFO herdr::logging: checking for updates event="update.check.start" subsystem="update" outcome="started"
2026-08-19T16:34:19.460464Z  WARN herdr::detect::manifest_update: skipping unknown remote manifest agent agent="qwen"
2026-08-19T17:04:19.231122Z  INFO herdr::logging: checking for updates event="update.check.start" subsystem="update" outcome="started"
2026-08-19T17:04:19.445416Z  WARN herdr::detect::manifest_update: skipping unknown remote manifest agent agent="qwen"
2026-08-19T19:49:55.153182Z  INFO herdr::logging: checking for updates event="update.check.start" subsystem="update" outcome="started"
2026-08-19T19:49:55.369870Z  WARN herdr::detect::manifest_update: skipping unknown remote manifest agent agent="qwen"
2026-08-19T19:49:55.416024Z  INFO herdr::logging: update available event="update.available" subsystem="update" outcome="ok" version="0.8.2"
2026-08-19T19:49:55.416102Z  INFO herdr::update: new stable build available at https://github.com/herdrdev/herdr/releases/download/v0.8.2/herdr-macos-aarch64
2026-08-19T19:49:55.418316Z  INFO herdr::update: auto-update check: 0.8.2 available, waiting for explicit install
2026-08-19T20:31:56.175854Z  WARN herdr::detect::manifest_update: skipping unknown remote manifest agent agent="qwen"
2026-08-19T21:01:56.158150Z  WARN herdr::detect::manifest_update: skipping unknown remote manifest agent agent="qwen"
2026-08-19T23:17:25.099683Z  WARN herdr::detect::manifest_update: skipping unknown remote manifest agent agent="qwen"
2026-08-20T01:06:48.453438Z  WARN herdr::detect::manifest_update: skipping unknown remote manifest agent agent="qwen"
2026-08-20T01:36:48.414164Z  WARN herdr::detect::manifest_update: skipping unknown remote manifest agent agent="qwen"
2026-08-20T05:19:07.663215Z  WARN herdr::detect::manifest_update: skipping unknown remote manifest agent agent="qwen"
2026-08-20T05:49:07.736746Z  WARN herdr::detect::manifest_update: skipping unknown remote manifest agent agent="qwen"
2026-08-20T06:04:21.030126Z  INFO herdr::server::headless: client resize client_id=2 cols=213 rows=62 cell_width_px=0 cell_height_px=0
2026-08-20T06:04:21.137060Z  INFO herdr::server::headless: client resize client_id=2 cols=213 rows=62 cell_width_px=0 cell_height_px=0
2026-08-20T06:11:04.492178Z  INFO herdr::logging: workspace focused event="workspace.focus" subsystem="workspace" outcome="ok" workspace_id="wE"
2026-08-20T06:11:04.493376Z  INFO herdr::logging: tab focused event="tab.focus" subsystem="tab" outcome="ok" workspace_id="wE" tab_id="wE:t1"
2026-08-20T06:11:07.375508Z  INFO herdr::logging: tab focused event="tab.focus" subsystem="tab" outcome="ok" workspace_id="wE" tab_id="wE:t5"
2026-08-20T06:11:12.390432Z  INFO herdr::logging: session saved event="persist.save" subsystem="persist" outcome="ok" path=/Users/siwe001/.config/herdr/session.json workspaces=7
2026-08-20T06:42:46.735750Z  WARN herdr::detect::manifest_update: skipping unknown remote manifest agent agent="qwen"
2026-08-20T07:12:46.762677Z  WARN herdr::detect::manifest_update: skipping unknown remote manifest agent agent="qwen"
2026-08-20T07:42:46.837783Z  WARN herdr::detect::manifest_update: skipping unknown remote manifest agent agent="qwen"
2026-08-20T07:51:46.987371Z  INFO herdr::logging: workspace focused event="workspace.focus" subsystem="workspace" outcome="ok" workspace_id="wF"
2026-08-20T07:51:46.988584Z  INFO herdr::logging: tab focused event="tab.focus" subsystem="tab" outcome="ok" workspace_id="wF" tab_id="wF:t2"
2026-08-20T07:51:49.121116Z  INFO herdr::logging: tab focused event="tab.focus" subsystem="tab" outcome="ok" workspace_id="wF" tab_id="wF:t1"
2026-08-20T07:51:52.921125Z  INFO herdr::logging: tab focused event="tab.focus" subsystem="tab" outcome="ok" workspace_id="wF" tab_id="wF:t2"
2026-08-20T07:51:55.256517Z  INFO herdr::pane: agent changed pane=14 previous_agent=None agent=Some(Cursor) process=cursor pgid=Some(47570)
2026-08-20T07:51:57.930019Z  INFO herdr::logging: session saved event="persist.save" subsystem="persist" outcome="ok" path=/Users/siwe001/.config/herdr/session.json workspaces=7
2026-08-20T07:52:03.241583Z  INFO herdr::logging: session saved event="persist.save" subsystem="persist" outcome="ok" path=/Users/siwe001/.config/herdr/session.json workspaces=7
2026-08-20T07:52:27.166255Z  INFO herdr::logging: spawning pane terminal event="pane.spawn.start" subsystem="pane" outcome="started" pane_id=15 rows=61 cols=187 scrollback_limit_bytes=10000000
2026-08-20T07:52:27.173738Z  INFO herdr::logging: pane child spawned event="pane.spawned" subsystem="pane" outcome="ok" pane_id=15 pid=48325
2026-08-20T07:52:27.174168Z  INFO herdr::logging: tab focused event="tab.focus" subsystem="tab" outcome="ok" workspace_id="wF" tab_id="wF:t3"
2026-08-20T07:52:32.185306Z  INFO herdr::logging: session saved event="persist.save" subsystem="persist" outcome="ok" path=/Users/siwe001/.config/herdr/session.json workspaces=7
2026-08-20T07:53:42.721459Z  INFO herdr::logging: workspace focused event="workspace.focus" subsystem="workspace" outcome="ok" workspace_id="wC"
2026-08-20T07:53:42.721812Z  INFO herdr::logging: tab focused event="tab.focus" subsystem="tab" outcome="ok" workspace_id="wC" tab_id="wC:t2"
2026-08-20T07:53:47.760302Z  INFO herdr::logging: session saved event="persist.save" subsystem="persist" outcome="ok" path=/Users/siwe001/.config/herdr/session.json workspaces=7
2026-08-20T07:54:09.221486Z  INFO herdr::logging: workspace focused event="workspace.focus" subsystem="workspace" outcome="ok" workspace_id="wF"
2026-08-20T07:54:09.221789Z  INFO herdr::logging: tab focused event="tab.focus" subsystem="tab" outcome="ok" workspace_id="wF" tab_id="wF:t3"
2026-08-20T07:54:14.228763Z  INFO herdr::logging: session saved event="persist.save" subsystem="persist" outcome="ok" path=/Users/siwe001/.config/herdr/session.json workspaces=7
2026-08-20T07:54:37.421412Z  INFO herdr::logging: workspace focused event="workspace.focus" subsystem="workspace" outcome="ok" workspace_id="wC"
2026-08-20T07:54:37.422145Z  INFO herdr::logging: tab focused event="tab.focus" subsystem="tab" outcome="ok" workspace_id="wC" tab_id="wC:t2"
2026-08-20T07:54:42.428416Z  INFO herdr::logging: session saved event="persist.save" subsystem="persist" outcome="ok" path=/Users/siwe001/.config/herdr/session.json workspaces=7
2026-08-20T07:54:42.738184Z  INFO herdr::logging: workspace focused event="workspace.focus" subsystem="workspace" outcome="ok" workspace_id="wH"
2026-08-20T07:54:42.738255Z  INFO herdr::logging: tab focused event="tab.focus" subsystem="tab" outcome="ok" workspace_id="wH" tab_id="wH:t1"
2026-08-20T07:54:47.744134Z  INFO herdr::logging: session saved event="persist.save" subsystem="persist" outcome="ok" path=/Users/siwe001/.config/herdr/session.json workspaces=7
2026-08-20T07:55:18.456466Z  INFO herdr::logging: tab focused event="tab.focus" subsystem="tab" outcome="ok" workspace_id="wH" tab_id="wH:t2"
2026-08-20T07:55:21.939106Z  INFO herdr::logging: tab focused event="tab.focus" subsystem="tab" outcome="ok" workspace_id="wH" tab_id="wH:t1"
2026-08-20T07:55:26.951031Z  INFO herdr::logging: session saved event="persist.save" subsystem="persist" outcome="ok" path=/Users/siwe001/.config/herdr/session.json workspaces=7
2026-08-20T07:55:27.505081Z  INFO herdr::logging: workspace focused event="workspace.focus" subsystem="workspace" outcome="ok" workspace_id="wC"
2026-08-20T07:55:27.505133Z  INFO herdr::logging: tab focused event="tab.focus" subsystem="tab" outcome="ok" workspace_id="wC" tab_id="wC:t2"
2026-08-20T07:55:32.515110Z  INFO herdr::logging: session saved event="persist.save" subsystem="persist" outcome="ok" path=/Users/siwe001/.config/herdr/session.json workspaces=7
2026-08-20T07:55:38.722522Z  INFO herdr::logging: workspace focused event="workspace.focus" subsystem="workspace" outcome="ok" workspace_id="wE"
2026-08-20T07:55:38.723386Z  INFO herdr::logging: tab focused event="tab.focus" subsystem="tab" outcome="ok" workspace_id="wE" tab_id="wE:t5"
2026-08-20T07:55:43.728385Z  INFO herdr::logging: session saved event="persist.save" subsystem="persist" outcome="ok" path=/Users/siwe001/.config/herdr/session.json workspaces=7
2026-08-20T07:55:58.505829Z  INFO herdr::logging: workspace focused event="workspace.focus" subsystem="workspace" outcome="ok" workspace_id="wF"
2026-08-20T07:55:58.506692Z  INFO herdr::logging: tab focused event="tab.focus" subsystem="tab" outcome="ok" workspace_id="wF" tab_id="wF:t3"
2026-08-20T07:56:03.513660Z  INFO herdr::logging: session saved event="persist.save" subsystem="persist" outcome="ok" path=/Users/siwe001/.config/herdr/session.json workspaces=7
2026-08-20T07:57:00.273054Z  INFO herdr::logging: tab focused event="tab.focus" subsystem="tab" outcome="ok" workspace_id="wF" tab_id="wF:t1"
2026-08-20T07:57:02.040613Z  INFO herdr::logging: tab focused event="tab.focus" subsystem="tab" outcome="ok" workspace_id="wF" tab_id="wF:t2"
2026-08-20T07:57:07.051544Z  INFO herdr::logging: session saved event="persist.save" subsystem="persist" outcome="ok" path=/Users/siwe001/.config/herdr/session.json workspaces=7
2026-08-20T07:58:18.425989Z  INFO herdr::app::actions: copied double-clicked token to clipboard
2026-08-20T07:58:24.523719Z  INFO herdr::app::actions: copied selection to clipboard
2026-08-20T07:58:26.607552Z  INFO herdr::logging: tab focused event="tab.focus" subsystem="tab" outcome="ok" workspace_id="wF" tab_id="wF:t3"
2026-08-20T07:58:31.615774Z  INFO herdr::logging: session saved event="persist.save" subsystem="persist" outcome="ok" path=/Users/siwe001/.config/herdr/session.json workspaces=7
2026-08-20T08:12:46.860255Z  WARN herdr::detect::manifest_update: skipping unknown remote manifest agent agent="qwen"
2026-08-20T08:42:46.871897Z  WARN herdr::detect::manifest_update: skipping unknown remote manifest agent agent="qwen"
2026-08-20T09:12:46.957332Z  WARN herdr::detect::manifest_update: skipping unknown remote manifest agent agent="qwen"
2026-08-20T09:42:46.886233Z  WARN herdr::detect::manifest_update: skipping unknown remote manifest agent agent="qwen"
2026-08-20T09:43:13.439623Z  INFO herdr::logging: workspace focused event="workspace.focus" subsystem="workspace" outcome="ok" workspace_id="wE"
2026-08-20T09:43:13.439854Z  INFO herdr::logging: tab focused event="tab.focus" subsystem="tab" outcome="ok" workspace_id="wE" tab_id="wE:t5"
2026-08-20T09:43:18.450524Z  INFO herdr::logging: session saved event="persist.save" subsystem="persist" outcome="ok" path=/Users/siwe001/.config/herdr/session.json workspaces=7
2026-08-20T10:12:46.847670Z  WARN herdr::detect::manifest_update: skipping unknown remote manifest agent agent="qwen"
2026-08-20T10:42:46.856751Z  WARN herdr::detect::manifest_update: skipping unknown remote manifest agent agent="qwen"
2026-08-20T11:12:46.826390Z  WARN herdr::detect::manifest_update: skipping unknown remote manifest agent agent="qwen"
2026-08-20T11:42:46.861726Z  WARN herdr::detect::manifest_update: skipping unknown remote manifest agent agent="qwen"
2026-08-20T12:12:46.741676Z  WARN herdr::detect::manifest_update: skipping unknown remote manifest agent agent="qwen"
2026-08-20T12:42:46.789389Z  WARN herdr::detect::manifest_update: skipping unknown remote manifest agent agent="qwen"
2026-08-20T13:12:46.822802Z  WARN herdr::detect::manifest_update: skipping unknown remote manifest agent agent="qwen"
2026-08-20T14:16:28.189078Z  INFO herdr::server::headless: client resize client_id=2 cols=213 rows=61 cell_width_px=0 cell_height_px=0
2026-08-20T14:16:28.728370Z  INFO herdr::server::headless: client resize client_id=2 cols=213 rows=62 cell_width_px=0 cell_height_px=0
2026-08-20T14:16:29.141670Z  INFO herdr::server::headless: client resize client_id=2 cols=213 rows=62 cell_width_px=0 cell_height_px=0
2026-08-20T14:20:18.327805Z  WARN herdr::detect::manifest_update: skipping unknown remote manifest agent agent="qwen"
2026-08-20T14:50:18.269119Z  WARN herdr::detect::manifest_update: skipping unknown remote manifest agent agent="qwen"
2026-08-20T15:20:18.325600Z  WARN herdr::detect::manifest_update: skipping unknown remote manifest agent agent="qwen"
2026-08-20T17:56:14.543104Z  WARN herdr::detect::manifest_update: skipping unknown remote manifest agent agent="qwen"
2026-08-20T22:13:11.587380Z  WARN herdr::detect::manifest_update: skipping unknown remote manifest agent agent="qwen"
2026-08-21T05:17:23.691115Z  WARN herdr::detect::manifest_update: skipping unknown remote manifest agent agent="qwen"
2026-08-21T06:08:25.730022Z  WARN herdr::detect::manifest_update: skipping unknown remote manifest agent agent="qwen"
2026-08-21T06:23:48.395373Z  INFO herdr::logging: workspace focused event="workspace.focus" subsystem="workspace" outcome="ok" workspace_id="wF"
2026-08-21T06:23:48.395962Z  INFO herdr::logging: tab focused event="tab.focus" subsystem="tab" outcome="ok" workspace_id="wF" tab_id="wF:t3"
2026-08-21T06:23:52.459544Z  INFO herdr::logging: tab focused event="tab.focus" subsystem="tab" outcome="ok" workspace_id="wF" tab_id="wF:t1"
2026-08-21T06:23:57.471410Z  INFO herdr::logging: session saved event="persist.save" subsystem="persist" outcome="ok" path=/Users/siwe001/.config/herdr/session.json workspaces=7
2026-08-21T06:24:10.960271Z  INFO herdr::logging: tab focused event="tab.focus" subsystem="tab" outcome="ok" workspace_id="wF" tab_id="wF:t3"
2026-08-21T06:24:15.968657Z  INFO herdr::logging: session saved event="persist.save" subsystem="persist" outcome="ok" path=/Users/siwe001/.config/herdr/session.json workspaces=7
2026-08-21T06:26:53.108558Z  INFO herdr::logging: tab focused event="tab.focus" subsystem="tab" outcome="ok" workspace_id="wF" tab_id="wF:t1"
2026-08-21T06:26:58.125687Z  INFO herdr::logging: session saved event="persist.save" subsystem="persist" outcome="ok" path=/Users/siwe001/.config/herdr/session.json workspaces=7
2026-08-21T06:38:25.726139Z  WARN herdr::detect::manifest_update: skipping unknown remote manifest agent agent="qwen"
2026-08-21T07:08:25.807231Z  WARN herdr::detect::manifest_update: skipping unknown remote manifest agent agent="qwen"
2026-08-21T07:38:25.679771Z  WARN herdr::detect::manifest_update: skipping unknown remote manifest agent agent="qwen"
2026-08-21T08:08:25.709453Z  WARN herdr::detect::manifest_update: skipping unknown remote manifest agent agent="qwen"
2026-08-21T08:38:25.928935Z  WARN herdr::detect::manifest_update: skipping unknown remote manifest agent agent="qwen"
2026-08-21T09:08:25.707124Z  WARN herdr::detect::manifest_update: skipping unknown remote manifest agent agent="qwen"
2026-08-21T09:38:25.709452Z  WARN herdr::detect::manifest_update: skipping unknown remote manifest agent agent="qwen"
2026-08-21T10:08:25.888623Z  WARN herdr::detect::manifest_update: skipping unknown remote manifest agent agent="qwen"
2026-08-21T10:38:25.846142Z  WARN herdr::detect::manifest_update: skipping unknown remote manifest agent agent="qwen"
2026-08-21T11:08:25.947520Z  WARN herdr::detect::manifest_update: skipping unknown remote manifest agent agent="qwen"
2026-08-21T11:38:25.724887Z  WARN herdr::detect::manifest_update: skipping unknown remote manifest agent agent="qwen"
2026-08-21T12:08:25.875505Z  WARN herdr::detect::manifest_update: skipping unknown remote manifest agent agent="qwen"
2026-08-21T12:09:05.211222Z  INFO herdr::logging: spawning pane terminal event="pane.spawn.start" subsystem="pane" outcome="started" pane_id=16 rows=61 cols=187 scrollback_limit_bytes=10000000
2026-08-21T12:09:05.228075Z  INFO herdr::logging: pane child spawned event="pane.spawned" subsystem="pane" outcome="ok" pane_id=16 pid=32101
2026-08-21T12:09:05.232845Z  INFO herdr::logging: workspace created event="workspace.create" subsystem="workspace" outcome="ok" workspace_id="wJ" pane_id=16
2026-08-21T12:09:05.233074Z  INFO herdr::logging: workspace focused event="workspace.focus" subsystem="workspace" outcome="ok" workspace_id="wJ"
2026-08-21T12:09:05.233330Z  INFO herdr::logging: tab focused event="tab.focus" subsystem="tab" outcome="ok" workspace_id="wJ" tab_id="wJ:t1"
2026-08-21T12:09:10.246192Z  INFO herdr::logging: session saved event="persist.save" subsystem="persist" outcome="ok" path=/Users/siwe001/.config/herdr/session.json workspaces=8
2026-08-21T12:09:24.072220Z  INFO herdr::server::headless: client detach requested via keybind client_id=2
2026-08-21T12:09:24.081317Z  INFO herdr::server::headless: client disconnected client_id=2
2026-08-21T12:09:45.165923Z  INFO herdr::server::headless: server shutdown initiated
2026-08-21T12:09:45.221412Z  INFO herdr::server::headless: completing server shutdown
2026-08-21T12:09:45.225638Z  INFO herdr::logging: session saved event="persist.save" subsystem="persist" outcome="ok" path=/Users/siwe001/.config/herdr/session.json workspaces=8
2026-08-21T12:09:45.225732Z  INFO herdr::server::headless: headless server exiting
2026-08-21T12:09:45.236242Z  INFO herdr::logging: pane child exited event="pane.exit" subsystem="pane" outcome="completed" pane_id=6 status="ExitStatus { code: 1, signal: None }"
2026-08-21T12:09:45.273555Z  INFO herdr::pane: pane session terminated pane=6 pid=6597 signal=Hangup
2026-08-21T12:09:45.278819Z  INFO herdr::logging: pane child exited event="pane.exit" subsystem="pane" outcome="completed" pane_id=14 status="ExitStatus { code: 1, signal: None }"
2026-08-21T12:09:45.299928Z  INFO herdr::pane: pane session terminated pane=14 pid=78398 signal=Hangup
2026-08-21T12:09:45.305538Z  INFO herdr::logging: pane child exited event="pane.exit" subsystem="pane" outcome="completed" pane_id=5 status="ExitStatus { code: 1, signal: None }"
2026-08-21T12:09:45.325737Z  INFO herdr::pane: pane session terminated pane=5 pid=6441 signal=Hangup
2026-08-21T12:09:45.328709Z  INFO herdr::logging: pane child exited event="pane.exit" subsystem="pane" outcome="completed" pane_id=7 status="ExitStatus { code: 1, signal: None }"
2026-08-21T12:09:45.351004Z  INFO herdr::pane: pane session terminated pane=7 pid=6443 signal=Hangup
2026-08-21T12:09:45.360531Z  INFO herdr::logging: pane child exited event="pane.exit" subsystem="pane" outcome="completed" pane_id=11 status="ExitStatus { code: 1, signal: None }"
2026-08-21T12:09:45.376388Z  INFO herdr::pane: pane session terminated pane=11 pid=6603 signal=Hangup
2026-08-21T12:09:45.380517Z  INFO herdr::logging: pane child exited event="pane.exit" subsystem="pane" outcome="completed" pane_id=2 status="ExitStatus { code: 1, signal: None }"
2026-08-21T12:09:45.402248Z  INFO herdr::pane: pane session terminated pane=2 pid=6434 signal=Hangup
2026-08-21T12:09:45.406142Z  INFO herdr::logging: pane child exited event="pane.exit" subsystem="pane" outcome="completed" pane_id=1 status="ExitStatus { code: 1, signal: None }"
2026-08-21T12:09:45.427500Z  INFO herdr::pane: pane session terminated pane=1 pid=6433 signal=Hangup
2026-08-21T12:09:45.429278Z  INFO herdr::logging: pane child exited event="pane.exit" subsystem="pane" outcome="completed" pane_id=3 status="ExitStatus { code: 1, signal: None }"
2026-08-21T12:09:45.452761Z  INFO herdr::pane: pane session terminated pane=3 pid=6435 signal=Hangup
2026-08-21T12:09:45.456164Z  INFO herdr::logging: pane child exited event="pane.exit" subsystem="pane" outcome="completed" pane_id=13 status="ExitStatus { code: 1, signal: None }"
2026-08-21T12:09:45.478067Z  INFO herdr::pane: pane session terminated pane=13 pid=66869 signal=Hangup
2026-08-21T12:09:45.484509Z  INFO herdr::logging: pane child exited event="pane.exit" subsystem="pane" outcome="completed" pane_id=8 status="ExitStatus { code: 1, signal: None }"
2026-08-21T12:09:45.505419Z  INFO herdr::pane: pane session terminated pane=8 pid=6446 signal=Hangup
2026-08-21T12:09:45.518289Z  INFO herdr::logging: pane child exited event="pane.exit" subsystem="pane" outcome="completed" pane_id=9 status="ExitStatus { code: 1, signal: None }"
2026-08-21T12:09:45.576028Z  INFO herdr::pane: pane session terminated pane=9 pid=6600 signal=Hangup
2026-08-21T12:09:45.578219Z  INFO herdr::logging: pane child exited event="pane.exit" subsystem="pane" outcome="completed" pane_id=16 status="ExitStatus { code: 1, signal: None }"
2026-08-21T12:09:45.601377Z  INFO herdr::pane: pane session terminated pane=16 pid=32101 signal=Hangup
2026-08-21T12:09:45.603582Z  INFO herdr::logging: pane child exited event="pane.exit" subsystem="pane" outcome="completed" pane_id=4 status="ExitStatus { code: 1, signal: None }"
2026-08-21T12:09:45.626569Z  INFO herdr::pane: pane session terminated pane=4 pid=6436 signal=Hangup
2026-08-21T12:09:45.630059Z  INFO herdr::logging: pane child exited event="pane.exit" subsystem="pane" outcome="completed" pane_id=12 status="ExitStatus { code: 1, signal: None }"
2026-08-21T12:09:45.651977Z  INFO herdr::pane: pane session terminated pane=12 pid=6455 signal=Hangup
2026-08-21T12:09:45.659420Z  INFO herdr::logging: pane child exited event="pane.exit" subsystem="pane" outcome="completed" pane_id=10 status="ExitStatus { code: 1, signal: None }"
2026-08-21T12:09:45.677403Z  INFO herdr::pane: pane session terminated pane=10 pid=6602 signal=Hangup
2026-08-21T12:09:45.681255Z  INFO herdr::logging: pane child exited event="pane.exit" subsystem="pane" outcome="completed" pane_id=15 status="ExitStatus { code: 1, signal: None }"
2026-08-21T12:09:45.703422Z  INFO herdr::pane: pane session terminated pane=15 pid=48325 signal=Hangup
2026-08-21T12:09:45.704517Z  INFO herdr::logging: herdr exiting event="app.shutdown" subsystem="server" outcome="completed" pid=6432
2026-08-21T12:10:38.825033Z  INFO herdr::platform::macos: raised server file descriptor soft limit previous=256 target=8192
2026-08-21T12:10:38.826039Z  INFO herdr::api::server: api server listening path=/Users/siwe001/.config/herdr/herdr.sock
2026-08-21T12:10:38.828006Z  INFO herdr::logging: spawning pane terminal event="pane.spawn.start" subsystem="pane" outcome="started" pane_id=1 rows=24 cols=80 scrollback_limit_bytes=10000000
2026-08-21T12:10:38.833070Z  INFO herdr::logging: pane child spawned event="pane.spawned" subsystem="pane" outcome="ok" pane_id=1 pid=33556
2026-08-21T12:10:38.833332Z  INFO herdr::logging: spawning pane terminal event="pane.spawn.start" subsystem="pane" outcome="started" pane_id=2 rows=24 cols=80 scrollback_limit_bytes=10000000
2026-08-21T12:10:38.837657Z  INFO herdr::logging: pane child spawned event="pane.spawned" subsystem="pane" outcome="ok" pane_id=2 pid=33557
2026-08-21T12:10:38.839618Z  INFO herdr::logging: spawning pane terminal event="pane.spawn.start" subsystem="pane" outcome="started" pane_id=3 rows=24 cols=80 scrollback_limit_bytes=10000000
2026-08-21T12:10:38.843957Z  INFO herdr::logging: pane child spawned event="pane.spawned" subsystem="pane" outcome="ok" pane_id=3 pid=33558
2026-08-21T12:10:38.844149Z  INFO herdr::logging: spawning pane terminal event="pane.spawn.start" subsystem="pane" outcome="started" pane_id=4 rows=24 cols=80 scrollback_limit_bytes=10000000
2026-08-21T12:10:38.850093Z  INFO herdr::logging: pane child spawned event="pane.spawned" subsystem="pane" outcome="ok" pane_id=4 pid=33559
2026-08-21T12:10:38.853226Z  INFO herdr::logging: spawning pane terminal event="pane.spawn.start" subsystem="pane" outcome="started" pane_id=5 rows=24 cols=80 scrollback_limit_bytes=10000000
2026-08-21T12:10:38.857177Z  INFO herdr::logging: pane child spawned event="pane.spawned" subsystem="pane" outcome="ok" pane_id=5 pid=33561
2026-08-21T12:10:38.860352Z  INFO herdr::logging: spawning pane terminal event="pane.spawn.start" subsystem="pane" outcome="started" pane_id=7 rows=24 cols=80 scrollback_limit_bytes=10000000
2026-08-21T12:10:38.863970Z  INFO herdr::logging: pane child spawned event="pane.spawned" subsystem="pane" outcome="ok" pane_id=7 pid=33565
2026-08-21T12:10:38.864140Z  INFO herdr::logging: spawning pane terminal event="pane.spawn.start" subsystem="pane" outcome="started" pane_id=8 rows=24 cols=80 scrollback_limit_bytes=10000000
2026-08-21T12:10:38.868436Z  INFO herdr::logging: pane child spawned event="pane.spawned" subsystem="pane" outcome="ok" pane_id=8 pid=33567
2026-08-21T12:10:38.871221Z  INFO herdr::logging: spawning pane terminal event="pane.spawn.start" subsystem="pane" outcome="started" pane_id=11 rows=24 cols=80 scrollback_limit_bytes=10000000
2026-08-21T12:10:38.875772Z  INFO herdr::logging: pane child spawned event="pane.spawned" subsystem="pane" outcome="ok" pane_id=11 pid=33570
2026-08-21T12:10:38.878452Z  INFO herdr::logging: spawning pane terminal event="pane.spawn.start" subsystem="pane" outcome="started" pane_id=13 rows=24 cols=80 scrollback_limit_bytes=10000000
2026-08-21T12:10:38.883375Z  INFO herdr::logging: pane child spawned event="pane.spawned" subsystem="pane" outcome="ok" pane_id=13 pid=33577
2026-08-21T12:10:38.885899Z  INFO herdr::logging: spawning pane terminal event="pane.spawn.start" subsystem="pane" outcome="started" pane_id=15 rows=24 cols=80 scrollback_limit_bytes=10000000
2026-08-21T12:10:38.890188Z  INFO herdr::logging: pane child spawned event="pane.spawned" subsystem="pane" outcome="ok" pane_id=15 pid=33582
2026-08-21T12:10:38.892058Z  INFO herdr::logging: spawning pane terminal event="pane.spawn.start" subsystem="pane" outcome="started" pane_id=16 rows=24 cols=80 scrollback_limit_bytes=10000000
2026-08-21T12:10:38.896407Z  INFO herdr::logging: pane child spawned event="pane.spawned" subsystem="pane" outcome="ok" pane_id=16 pid=33587
2026-08-21T12:10:38.898384Z  INFO herdr::logging: session restore evaluated event="persist.restore" subsystem="persist" outcome="ok" workspaces=8
2026-08-21T12:10:38.898416Z  INFO herdr::app: using pane scrollback configuration pane_scrollback_limit_bytes=10000000
2026-08-21T12:10:38.946731Z  INFO herdr::logging: checking for updates event="update.check.start" subsystem="update" outcome="started"
2026-08-21T12:10:38.973998Z  INFO herdr::server::headless: restored session already has workspaces; ignoring startup cwd cwd=/Users/siwe001
2026-08-21T12:10:38.974132Z  INFO herdr::server::headless: client protocol socket listening path=/Users/siwe001/.config/herdr/herdr-client.sock
2026-08-21T12:10:38.974152Z  INFO herdr::server::headless: herdr server started api_socket=/Users/siwe001/.config/herdr/herdr.sock client_socket=/Users/siwe001/.config/herdr/herdr-client.sock
2026-08-21T12:10:38.974314Z  INFO herdr::logging: herdr starting event="app.startup" subsystem="server" outcome="started" pid=33555
2026-08-21T12:10:39.005985Z  INFO herdr::server::headless: client connected client_id=2 cols=213 rows=62 cell_width_px=0 cell_height_px=0 render_encoding=SemanticFrame
2026-08-21T12:10:39.029754Z  INFO herdr::logging: spawning pane terminal event="pane.spawn.start" subsystem="pane" outcome="started" pane_id=6 rows=61 cols=186 scrollback_limit_bytes=10000000
2026-08-21T12:10:39.035259Z  INFO herdr::logging: pane child spawned event="pane.spawned" subsystem="pane" outcome="ok" pane_id=6 pid=33754
2026-08-21T12:10:39.035453Z  INFO herdr::logging: spawning pane terminal event="pane.spawn.start" subsystem="pane" outcome="started" pane_id=9 rows=61 cols=186 scrollback_limit_bytes=10000000
2026-08-21T12:10:39.042062Z  INFO herdr::logging: pane child spawned event="pane.spawned" subsystem="pane" outcome="ok" pane_id=9 pid=33758
2026-08-21T12:10:39.042237Z  INFO herdr::logging: spawning pane terminal event="pane.spawn.start" subsystem="pane" outcome="started" pane_id=10 rows=61 cols=186 scrollback_limit_bytes=10000000
2026-08-21T12:10:39.047838Z  INFO herdr::logging: pane child spawned event="pane.spawned" subsystem="pane" outcome="ok" pane_id=10 pid=33760
2026-08-21T12:10:39.047987Z  INFO herdr::logging: spawning pane terminal event="pane.spawn.start" subsystem="pane" outcome="started" pane_id=12 rows=61 cols=186 scrollback_limit_bytes=10000000
2026-08-21T12:10:39.053526Z  INFO herdr::logging: pane child spawned event="pane.spawned" subsystem="pane" outcome="ok" pane_id=12 pid=33762
2026-08-21T12:10:39.053775Z  INFO herdr::logging: spawning pane terminal event="pane.spawn.start" subsystem="pane" outcome="started" pane_id=14 rows=61 cols=186 scrollback_limit_bytes=10000000
2026-08-21T12:10:39.061264Z  INFO herdr::logging: pane child spawned event="pane.spawned" subsystem="pane" outcome="ok" pane_id=14 pid=33765
2026-08-21T12:10:43.612658Z  INFO herdr::pane: agent changed pane=9 previous_agent=None agent=Some(Cursor) process=cursor-agent pgid=Some(41229)
2026-08-21T12:10:43.613846Z  INFO herdr::pane: agent changed pane=10 previous_agent=None agent=Some(Cursor) process=cursor-agent pgid=Some(41232)
2026-08-21T12:10:43.619521Z  INFO herdr::pane: agent changed pane=12 previous_agent=None agent=Some(Cursor) process=cursor-agent pgid=Some(41252)
2026-08-21T12:10:43.628591Z  INFO herdr::pane: agent changed pane=14 previous_agent=None agent=Some(Cursor) process=cursor-agent pgid=Some(41235)
2026-08-21T12:10:44.082668Z  INFO herdr::logging: session saved event="persist.save" subsystem="persist" outcome="ok" path=/Users/siwe001/.config/herdr/session.json workspaces=8
2026-08-21T12:10:44.106745Z  INFO herdr::pane: agent changed pane=6 previous_agent=None agent=Some(Cursor) process=cursor-agent pgid=Some(41261)
2026-08-21T12:10:55.525281Z  INFO herdr::pane: agent changed pane=16 previous_agent=None agent=Some(Cursor) process=cursor pgid=Some(42606)
2026-08-21T12:11:01.567989Z  INFO herdr::pane: agent changed pane=16 previous_agent=Some(Cursor) agent=None pgid=Some(33587)
2026-08-21T12:11:06.598427Z  INFO herdr::pane: agent changed pane=16 previous_agent=None agent=Some(Cursor) process=cursor pgid=Some(43084)
2026-08-21T12:11:13.913964Z  INFO herdr::logging: session saved event="persist.save" subsystem="persist" outcome="ok" path=/Users/siwe001/.config/herdr/session.json workspaces=8
2026-08-21T12:13:59.255756Z  INFO herdr::logging: workspace focused event="workspace.focus" subsystem="workspace" outcome="ok" workspace_id="wF"
2026-08-21T12:13:59.255880Z  INFO herdr::logging: tab focused event="tab.focus" subsystem="tab" outcome="ok" workspace_id="wF" tab_id="wF:t1"
2026-08-21T12:14:04.261344Z  INFO herdr::logging: session saved event="persist.save" subsystem="persist" outcome="ok" path=/Users/siwe001/.config/herdr/session.json workspaces=8
2026-08-21T12:15:39.456839Z  INFO herdr::app::actions: copied selection to clipboard
2026-08-21T12:27:09.344249Z  INFO herdr::app::actions: copied selection to clipboard
2026-08-21T12:40:38.958254Z  INFO herdr::logging: checking for updates event="update.check.start" subsystem="update" outcome="started"
2026-08-21T13:00:18.180245Z  INFO herdr::logging: workspace focused event="workspace.focus" subsystem="workspace" outcome="ok" workspace_id="wE"
2026-08-21T13:00:18.180737Z  INFO herdr::logging: tab focused event="tab.focus" subsystem="tab" outcome="ok" workspace_id="wE" tab_id="wE:t5"
2026-08-21T13:00:23.190338Z  INFO herdr::logging: session saved event="persist.save" subsystem="persist" outcome="ok" path=/Users/siwe001/.config/herdr/session.json workspaces=8
2026-08-21T13:01:39.747638Z  INFO herdr::logging: tab focused event="tab.focus" subsystem="tab" outcome="ok" workspace_id="wE" tab_id="wE:t6"
2026-08-21T13:01:41.471013Z  INFO herdr::logging: pane child exited event="pane.exit" subsystem="pane" outcome="completed" pane_id=8 status="ExitStatus { code: 0, signal: None }"
2026-08-21T13:01:41.471427Z  INFO herdr::pane: pane session terminated pane=8 pid=33567 signal=Hangup
2026-08-21T13:01:46.492295Z  INFO herdr::logging: session saved event="persist.save" subsystem="persist" outcome="ok" path=/Users/siwe001/.config/herdr/session.json workspaces=8
2026-08-21T13:07:50.918333Z  INFO herdr::app::actions: copied selection to clipboard
2026-08-21T13:10:38.961368Z  INFO herdr::logging: checking for updates event="update.check.start" subsystem="update" outcome="started"
2026-08-21T13:12:20.950528Z  INFO herdr::logging: tab focused event="tab.focus" subsystem="tab" outcome="ok" workspace_id="wE" tab_id="wE:t1"
2026-08-21T13:12:22.268057Z  INFO herdr::logging: tab focused event="tab.focus" subsystem="tab" outcome="ok" workspace_id="wE" tab_id="wE:t5"
2026-08-21T13:12:27.279204Z  INFO herdr::logging: session saved event="persist.save" subsystem="persist" outcome="ok" path=/Users/siwe001/.config/herdr/session.json workspaces=8
2026-08-21T13:14:52.129036Z  INFO herdr::logging: spawning pane terminal event="pane.spawn.start" subsystem="pane" outcome="started" pane_id=17 rows=61 cols=187 scrollback_limit_bytes=10000000
2026-08-21T13:14:52.141239Z  INFO herdr::logging: pane child spawned event="pane.spawned" subsystem="pane" outcome="ok" pane_id=17 pid=82832
2026-08-21T13:14:52.141845Z  INFO herdr::logging: tab focused event="tab.focus" subsystem="tab" outcome="ok" workspace_id="wE" tab_id="wE:t7"
2026-08-21T13:14:57.153896Z  INFO herdr::logging: session saved event="persist.save" subsystem="persist" outcome="ok" path=/Users/siwe001/.config/herdr/session.json workspaces=8
2026-08-21T13:15:27.551835Z  INFO herdr::app::actions: copied double-clicked token to clipboard
2026-08-21T13:15:34.417403Z  INFO herdr::app::actions: copied double-clicked token to clipboard
2026-08-21T13:15:39.917951Z  INFO herdr::app::actions: copied double-clicked token to clipboard
2026-08-21T13:15:52.302095Z  INFO herdr::logging: tab focused event="tab.focus" subsystem="tab" outcome="ok" workspace_id="wE" tab_id="wE:t5"
2026-08-21T13:15:57.307071Z  INFO herdr::logging: session saved event="persist.save" subsystem="persist" outcome="ok" path=/Users/siwe001/.config/herdr/session.json workspaces=8
2026-08-21T13:16:20.500797Z  INFO herdr::logging: tab focused event="tab.focus" subsystem="tab" outcome="ok" workspace_id="wE" tab_id="wE:t7"
2026-08-21T13:16:25.506084Z  INFO herdr::logging: session saved event="persist.save" subsystem="persist" outcome="ok" path=/Users/siwe001/.config/herdr/session.json workspaces=8
2026-08-21T13:16:33.034133Z  INFO herdr::logging: tab focused event="tab.focus" subsystem="tab" outcome="ok" workspace_id="wE" tab_id="wE:t5"
2026-08-21T13:16:38.040199Z  INFO herdr::logging: session saved event="persist.save" subsystem="persist" outcome="ok" path=/Users/siwe001/.config/herdr/session.json workspaces=8
2026-08-21T13:17:07.201705Z  INFO herdr::logging: tab focused event="tab.focus" subsystem="tab" outcome="ok" workspace_id="wE" tab_id="wE:t7"
2026-08-21T13:17:12.214961Z  INFO herdr::logging: session saved event="persist.save" subsystem="persist" outcome="ok" path=/Users/siwe001/.config/herdr/session.json workspaces=8
2026-08-21T13:18:14.652196Z  INFO herdr::logging: tab focused event="tab.focus" subsystem="tab" outcome="ok" workspace_id="wE" tab_id="wE:t5"
2026-08-21T13:18:19.660566Z  INFO herdr::logging: session saved event="persist.save" subsystem="persist" outcome="ok" path=/Users/siwe001/.config/herdr/session.json workspaces=8
2026-08-21T13:20:12.453075Z  INFO herdr::logging: tab focused event="tab.focus" subsystem="tab" outcome="ok" workspace_id="wE" tab_id="wE:t7"
2026-08-21T13:20:17.463774Z  INFO herdr::logging: session saved event="persist.save" subsystem="persist" outcome="ok" path=/Users/siwe001/.config/herdr/session.json workspaces=8
2026-08-21T13:20:49.819892Z  INFO herdr::logging: tab focused event="tab.focus" subsystem="tab" outcome="ok" workspace_id="wE" tab_id="wE:t5"
2026-08-21T13:20:54.829846Z  INFO herdr::logging: session saved event="persist.save" subsystem="persist" outcome="ok" path=/Users/siwe001/.config/herdr/session.json workspaces=8
2026-08-21T13:21:46.818714Z  INFO herdr::logging: tab focused event="tab.focus" subsystem="tab" outcome="ok" workspace_id="wE" tab_id="wE:t7"
2026-08-21T13:21:51.826864Z  INFO herdr::logging: session saved event="persist.save" subsystem="persist" outcome="ok" path=/Users/siwe001/.config/herdr/session.json workspaces=8
2026-08-21T13:27:11.551918Z  INFO herdr::logging: spawning pane terminal event="pane.spawn.start" subsystem="pane" outcome="started" pane_id=18 rows=61 cols=187 scrollback_limit_bytes=10000000
2026-08-21T13:27:11.586703Z  INFO herdr::logging: pane child spawned event="pane.spawned" subsystem="pane" outcome="ok" pane_id=18 pid=92208
2026-08-21T13:27:11.586986Z  INFO herdr::logging: tab focused event="tab.focus" subsystem="tab" outcome="ok" workspace_id="wE" tab_id="wE:t8"
2026-08-21T13:27:16.601573Z  INFO herdr::logging: session saved event="persist.save" subsystem="persist" outcome="ok" path=/Users/siwe001/.config/herdr/session.json workspaces=8
2026-08-21T13:27:29.670125Z  INFO herdr::logging: tab focused event="tab.focus" subsystem="tab" outcome="ok" workspace_id="wE" tab_id="wE:t7"
2026-08-21T13:27:41.299464Z  INFO herdr::logging: session saved event="persist.save" subsystem="persist" outcome="ok" path=/Users/siwe001/.config/herdr/session.json workspaces=8
2026-08-21T13:34:26.322691Z  INFO herdr::app::actions: copied selection to clipboard
2026-08-21T13:34:29.188424Z  INFO herdr::app::actions: copied selection to clipboard
2026-08-21T13:35:24.810881Z  INFO herdr::app::actions: copied selection to clipboard
2026-08-21T13:36:03.123446Z  INFO herdr::app::actions: copied selection to clipboard
2026-08-21T13:36:31.072470Z  INFO herdr::app::actions: copied selection to clipboard
2026-08-21T13:36:36.361588Z  INFO herdr::app::actions: copied selection to clipboard
2026-08-21T13:36:45.539267Z  INFO herdr::app::actions: copied selection to clipboard
2026-08-21T13:40:38.969364Z  INFO herdr::logging: checking for updates event="update.check.start" subsystem="update" outcome="started"
2026-08-21T13:42:23.424089Z  INFO herdr::logging: tab focused event="tab.focus" subsystem="tab" outcome="ok" workspace_id="wE" tab_id="wE:t8"
2026-08-21T13:42:28.429296Z  INFO herdr::logging: session saved event="persist.save" subsystem="persist" outcome="ok" path=/Users/siwe001/.config/herdr/session.json workspaces=8
2026-08-21T13:55:52.410405Z  INFO herdr::logging: tab focused event="tab.focus" subsystem="tab" outcome="ok" workspace_id="wE" tab_id="wE:t7"
2026-08-21T13:55:57.415168Z  INFO herdr::logging: session saved event="persist.save" subsystem="persist" outcome="ok" path=/Users/siwe001/.config/herdr/session.json workspaces=8
2026-08-21T14:10:38.937990Z  INFO herdr::logging: checking for updates event="update.check.start" subsystem="update" outcome="started"
2026-08-21T14:40:38.936092Z  INFO herdr::logging: checking for updates event="update.check.start" subsystem="update" outcome="started"
2026-08-21T15:10:38.974597Z  INFO herdr::logging: checking for updates event="update.check.start" subsystem="update" outcome="started"
2026-08-21T16:05:22.241554Z  INFO herdr::logging: checking for updates event="update.check.start" subsystem="update" outcome="started"
2026-08-21T22:06:39.330980Z  INFO herdr::logging: checking for updates event="update.check.start" subsystem="update" outcome="started"
2026-08-22T03:58:19.685429Z  INFO herdr::logging: checking for updates event="update.check.start" subsystem="update" outcome="started"
2026-08-22T06:58:34.878098Z  INFO herdr::logging: checking for updates event="update.check.start" subsystem="update" outcome="started"
2026-08-22T07:28:34.960754Z  INFO herdr::logging: checking for updates event="update.check.start" subsystem="update" outcome="started"
2026-08-22T08:18:29.266911Z  INFO herdr::logging: checking for updates event="update.check.start" subsystem="update" outcome="started"
2026-08-22T08:48:29.319627Z  INFO herdr::logging: checking for updates event="update.check.start" subsystem="update" outcome="started"
2026-08-22T10:30:27.139101Z  INFO herdr::logging: checking for updates event="update.check.start" subsystem="update" outcome="started"
2026-08-22T17:37:03.103758Z  INFO herdr::logging: checking for updates event="update.check.start" subsystem="update" outcome="started"
2026-08-23T03:18:05.352602Z  INFO herdr::logging: checking for updates event="update.check.start" subsystem="update" outcome="started"
2026-08-23T13:05:58.140951Z  INFO herdr::logging: checking for updates event="update.check.start" subsystem="update" outcome="started"
2026-08-23T13:35:58.141454Z  INFO herdr::logging: checking for updates event="update.check.start" subsystem="update" outcome="started"
2026-08-23T14:05:58.111299Z  INFO herdr::logging: checking for updates event="update.check.start" subsystem="update" outcome="started"
2026-08-23T17:55:17.565320Z  INFO herdr::logging: checking for updates event="update.check.start" subsystem="update" outcome="started"
2026-08-23T20:52:09.860036Z  INFO herdr::logging: checking for updates event="update.check.start" subsystem="update" outcome="started"
2026-08-23T21:22:09.859452Z  INFO herdr::logging: checking for updates event="update.check.start" subsystem="update" outcome="started"
2026-08-24T03:37:20.715044Z  INFO herdr::logging: checking for updates event="update.check.start" subsystem="update" outcome="started"
2026-08-24T04:22:20.981023Z  INFO herdr::logging: checking for updates event="update.check.start" subsystem="update" outcome="started"
2026-08-24T04:52:20.976924Z  INFO herdr::logging: checking for updates event="update.check.start" subsystem="update" outcome="started"
2026-08-24T07:38:26.079125Z  INFO herdr::server::headless: client resize client_id=2 cols=213 rows=61 cell_width_px=0 cell_height_px=0
2026-08-24T07:38:26.266102Z  INFO herdr::server::headless: client resize client_id=2 cols=213 rows=61 cell_width_px=0 cell_height_px=0
2026-08-24T07:38:50.572840Z  INFO herdr::server::headless: client resize client_id=2 cols=213 rows=62 cell_width_px=0 cell_height_px=0
2026-08-24T07:40:10.845030Z  INFO herdr::server::headless: client detached client_id=2
2026-08-24T07:40:10.850261Z  INFO herdr::server::headless: client disconnected client_id=2
2026-08-24T07:41:25.312856Z  INFO herdr::server::headless: server shutdown initiated
2026-08-24T07:41:25.374501Z  INFO herdr::server::headless: completing server shutdown
2026-08-24T07:41:25.395065Z  INFO herdr::logging: session saved event="persist.save" subsystem="persist" outcome="ok" path=/Users/siwe001/.config/herdr/session.json workspaces=8
2026-08-24T07:41:25.395835Z  INFO herdr::server::headless: headless server exiting
2026-08-24T07:41:25.416791Z  INFO herdr::logging: pane child exited event="pane.exit" subsystem="pane" outcome="completed" pane_id=18 status="ExitStatus { code: 1, signal: None }"
2026-08-24T07:41:25.429769Z  INFO herdr::pane: pane session terminated pane=18 pid=92208 signal=Hangup
2026-08-24T07:41:25.443350Z  INFO herdr::logging: pane child exited event="pane.exit" subsystem="pane" outcome="completed" pane_id=17 status="ExitStatus { code: 1, signal: None }"
2026-08-24T07:41:25.454553Z  INFO herdr::pane: pane session terminated pane=17 pid=82832 signal=Hangup
2026-08-24T07:41:25.466071Z  INFO herdr::logging: pane child exited event="pane.exit" subsystem="pane" outcome="completed" pane_id=10 status="ExitStatus { code: 1, signal: None }"
2026-08-24T07:41:25.887132Z  INFO herdr::pane: pane session terminated pane=10 pid=33760 signal=Terminate
2026-08-24T07:41:25.900053Z  INFO herdr::logging: pane child exited event="pane.exit" subsystem="pane" outcome="completed" pane_id=6 status="ExitStatus { code: 1, signal: None }"
2026-08-24T07:41:25.910730Z  INFO herdr::pane: pane session terminated pane=6 pid=33754 signal=Hangup
2026-08-24T07:41:25.919827Z  INFO herdr::logging: pane child exited event="pane.exit" subsystem="pane" outcome="completed" pane_id=5 status="ExitStatus { code: 1, signal: None }"
2026-08-24T07:41:25.937379Z  INFO herdr::pane: pane session terminated pane=5 pid=33561 signal=Hangup
2026-08-24T07:41:25.943275Z  INFO herdr::logging: pane child exited event="pane.exit" subsystem="pane" outcome="completed" pane_id=7 status="ExitStatus { code: 1, signal: None }"
2026-08-24T07:41:25.964964Z  INFO herdr::pane: pane session terminated pane=7 pid=33565 signal=Hangup
2026-08-24T07:41:25.978621Z  INFO herdr::logging: pane child exited event="pane.exit" subsystem="pane" outcome="completed" pane_id=3 status="ExitStatus { code: 1, signal: None }"
2026-08-24T07:41:25.996180Z  INFO herdr::pane: pane session terminated pane=3 pid=33558 signal=Hangup
2026-08-24T07:41:26.000732Z  INFO herdr::logging: pane child exited event="pane.exit" subsystem="pane" outcome="completed" pane_id=13 status="ExitStatus { code: 1, signal: None }"
2026-08-24T07:41:26.026109Z  INFO herdr::pane: pane session terminated pane=13 pid=33577 signal=Hangup
2026-08-24T07:41:26.045459Z  INFO herdr::logging: pane child exited event="pane.exit" subsystem="pane" outcome="completed" pane_id=9 status="ExitStatus { code: 1, signal: None }"
2026-08-24T07:41:26.050448Z  INFO herdr::pane: pane session terminated pane=9 pid=33758 signal=Hangup
2026-08-24T07:41:26.064933Z  INFO herdr::logging: pane child exited event="pane.exit" subsystem="pane" outcome="completed" pane_id=15 status="ExitStatus { code: 1, signal: None }"
2026-08-24T07:41:26.085296Z  INFO herdr::pane: pane session terminated pane=15 pid=33582 signal=Hangup
2026-08-24T07:41:26.110872Z  INFO herdr::logging: pane child exited event="pane.exit" subsystem="pane" outcome="completed" pane_id=4 status="ExitStatus { code: 1, signal: None }"
2026-08-24T07:41:26.115654Z  INFO herdr::pane: pane session terminated pane=4 pid=33559 signal=Hangup
2026-08-24T07:41:26.125076Z  INFO herdr::logging: pane child exited event="pane.exit" subsystem="pane" outcome="completed" pane_id=16 status="ExitStatus { code: 1, signal: None }"
2026-08-24T07:41:26.141158Z  INFO herdr::pane: pane session terminated pane=16 pid=33587 signal=Hangup
2026-08-24T07:41:26.145940Z  INFO herdr::logging: pane child exited event="pane.exit" subsystem="pane" outcome="completed" pane_id=2 status="ExitStatus { code: 1, signal: None }"
2026-08-24T07:41:26.162456Z  INFO herdr::pane: pane session terminated pane=2 pid=33557 signal=Hangup
2026-08-24T07:41:26.166789Z  INFO herdr::logging: pane child exited event="pane.exit" subsystem="pane" outcome="completed" pane_id=1 status="ExitStatus { code: 1, signal: None }"
2026-08-24T07:41:26.187925Z  INFO herdr::pane: pane session terminated pane=1 pid=33556 signal=Hangup
2026-08-24T07:41:26.192374Z  INFO herdr::logging: pane child exited event="pane.exit" subsystem="pane" outcome="completed" pane_id=11 status="ExitStatus { code: 1, signal: None }"
2026-08-24T07:41:26.196036Z  INFO herdr::pane: agent changed pane=12 previous_agent=Some(Cursor) agent=None pgid=Some(33762)
2026-08-24T07:41:26.208899Z  INFO herdr::pane: agent changed pane=14 previous_agent=Some(Cursor) agent=None pgid=Some(33765)
2026-08-24T07:41:26.213368Z  INFO herdr::pane: pane session terminated pane=11 pid=33570 signal=Hangup
2026-08-24T07:41:26.217634Z  INFO herdr::logging: pane child exited event="pane.exit" subsystem="pane" outcome="completed" pane_id=12 status="ExitStatus { code: 1, signal: None }"
2026-08-24T07:41:26.238918Z  INFO herdr::pane: pane session terminated pane=12 pid=33762 signal=Hangup
2026-08-24T07:41:26.243135Z  INFO herdr::logging: pane child exited event="pane.exit" subsystem="pane" outcome="completed" pane_id=14 status="ExitStatus { code: 1, signal: None }"
2026-08-24T07:41:26.264542Z  INFO herdr::pane: pane session terminated pane=14 pid=33765 signal=Hangup
2026-08-24T07:41:26.267685Z  INFO herdr::logging: herdr exiting event="app.shutdown" subsystem="server" outcome="completed" pid=33555
2026-08-24T10:06:13.835544Z  INFO herdr::platform::macos: raised server file descriptor soft limit previous=256 target=8192
2026-08-24T10:06:13.836622Z  INFO herdr::api::server: api server listening path=/Users/siwe001/.config/herdr/herdr.sock
2026-08-24T10:06:13.840287Z  INFO herdr::logging: spawning pane terminal event="pane.spawn.start" subsystem="pane" outcome="started" pane_id=1 rows=24 cols=80 scrollback_limit_bytes=10000000
2026-08-24T10:06:13.852393Z  INFO herdr::logging: pane child spawned event="pane.spawned" subsystem="pane" outcome="ok" pane_id=1 pid=41420
2026-08-24T10:06:13.852665Z  INFO herdr::logging: spawning pane terminal event="pane.spawn.start" subsystem="pane" outcome="started" pane_id=2 rows=24 cols=80 scrollback_limit_bytes=10000000
2026-08-24T10:06:13.857882Z  INFO herdr::logging: pane child spawned event="pane.spawned" subsystem="pane" outcome="ok" pane_id=2 pid=41421
2026-08-24T10:06:13.861185Z  INFO herdr::logging: spawning pane terminal event="pane.spawn.start" subsystem="pane" outcome="started" pane_id=3 rows=24 cols=80 scrollback_limit_bytes=10000000
2026-08-24T10:06:13.865188Z  INFO herdr::logging: pane child spawned event="pane.spawned" subsystem="pane" outcome="ok" pane_id=3 pid=41422
2026-08-24T10:06:13.865383Z  INFO herdr::logging: spawning pane terminal event="pane.spawn.start" subsystem="pane" outcome="started" pane_id=4 rows=24 cols=80 scrollback_limit_bytes=10000000
2026-08-24T10:06:13.870487Z  INFO herdr::logging: pane child spawned event="pane.spawned" subsystem="pane" outcome="ok" pane_id=4 pid=41423
2026-08-24T10:06:13.875470Z  INFO herdr::logging: spawning pane terminal event="pane.spawn.start" subsystem="pane" outcome="started" pane_id=5 rows=24 cols=80 scrollback_limit_bytes=10000000
2026-08-24T10:06:13.880940Z  INFO herdr::logging: pane child spawned event="pane.spawned" subsystem="pane" outcome="ok" pane_id=5 pid=41425
2026-08-24T10:06:13.884549Z  INFO herdr::logging: spawning pane terminal event="pane.spawn.start" subsystem="pane" outcome="started" pane_id=7 rows=24 cols=80 scrollback_limit_bytes=10000000
2026-08-24T10:06:13.889535Z  INFO herdr::logging: pane child spawned event="pane.spawned" subsystem="pane" outcome="ok" pane_id=7 pid=41430
2026-08-24T10:06:13.889707Z  INFO herdr::logging: spawning pane terminal event="pane.spawn.start" subsystem="pane" outcome="started" pane_id=8 rows=24 cols=80 scrollback_limit_bytes=10000000
2026-08-24T10:06:13.894681Z  INFO herdr::logging: pane child spawned event="pane.spawned" subsystem="pane" outcome="ok" pane_id=8 pid=41431
2026-08-24T10:06:13.894835Z  INFO herdr::logging: spawning pane terminal event="pane.spawn.start" subsystem="pane" outcome="started" pane_id=9 rows=24 cols=80 scrollback_limit_bytes=10000000
2026-08-24T10:06:13.899695Z  INFO herdr::logging: pane child spawned event="pane.spawned" subsystem="pane" outcome="ok" pane_id=9 pid=41434
2026-08-24T10:06:13.902135Z  INFO herdr::logging: spawning pane terminal event="pane.spawn.start" subsystem="pane" outcome="started" pane_id=12 rows=24 cols=80 scrollback_limit_bytes=10000000
2026-08-24T10:06:13.906584Z  INFO herdr::logging: pane child spawned event="pane.spawned" subsystem="pane" outcome="ok" pane_id=12 pid=41441
2026-08-24T10:06:13.909251Z  INFO herdr::logging: spawning pane terminal event="pane.spawn.start" subsystem="pane" outcome="started" pane_id=14 rows=24 cols=80 scrollback_limit_bytes=10000000
2026-08-24T10:06:13.913366Z  INFO herdr::logging: pane child spawned event="pane.spawned" subsystem="pane" outcome="ok" pane_id=14 pid=41445
2026-08-24T10:06:13.916499Z  INFO herdr::logging: spawning pane terminal event="pane.spawn.start" subsystem="pane" outcome="started" pane_id=16 rows=24 cols=80 scrollback_limit_bytes=10000000
2026-08-24T10:06:13.921023Z  INFO herdr::logging: pane child spawned event="pane.spawned" subsystem="pane" outcome="ok" pane_id=16 pid=41451
2026-08-24T10:06:13.931168Z  INFO herdr::logging: session restore evaluated event="persist.restore" subsystem="persist" outcome="ok" workspaces=8
2026-08-24T10:06:13.931218Z  INFO herdr::app: using pane scrollback configuration pane_scrollback_limit_bytes=10000000
2026-08-24T10:06:14.016005Z  INFO herdr::logging: checking for updates event="update.check.start" subsystem="update" outcome="started"
2026-08-24T10:06:14.043307Z  INFO herdr::server::headless: restored session already has workspaces; ignoring startup cwd cwd=/Users/siwe001
2026-08-24T10:06:14.043456Z  INFO herdr::server::headless: client protocol socket listening path=/Users/siwe001/.config/herdr/herdr-client.sock
2026-08-24T10:06:14.043477Z  INFO herdr::server::headless: herdr server started api_socket=/Users/siwe001/.config/herdr/herdr.sock client_socket=/Users/siwe001/.config/herdr/herdr-client.sock
2026-08-24T10:06:14.043604Z  INFO herdr::logging: herdr starting event="app.startup" subsystem="server" outcome="started" pid=41419
2026-08-24T10:06:14.348525Z  INFO herdr::server::headless: client connected client_id=2 cols=213 rows=62 cell_width_px=0 cell_height_px=0 render_encoding=SemanticFrame
2026-08-24T10:06:14.353883Z  INFO herdr::logging: spawning pane terminal event="pane.spawn.start" subsystem="pane" outcome="started" pane_id=6 rows=61 cols=186 scrollback_limit_bytes=10000000
2026-08-24T10:06:14.359499Z  INFO herdr::logging: pane child spawned event="pane.spawned" subsystem="pane" outcome="ok" pane_id=6 pid=41729
2026-08-24T10:06:14.359768Z  INFO herdr::logging: spawning pane terminal event="pane.spawn.start" subsystem="pane" outcome="started" pane_id=10 rows=61 cols=186 scrollback_limit_bytes=10000000
2026-08-24T10:06:14.364524Z  INFO herdr::logging: pane child spawned event="pane.spawned" subsystem="pane" outcome="ok" pane_id=10 pid=41734
2026-08-24T10:06:14.364660Z  INFO herdr::logging: spawning pane terminal event="pane.spawn.start" subsystem="pane" outcome="started" pane_id=11 rows=61 cols=186 scrollback_limit_bytes=10000000
2026-08-24T10:06:14.368289Z  INFO herdr::logging: pane child spawned event="pane.spawned" subsystem="pane" outcome="ok" pane_id=11 pid=41735
2026-08-24T10:06:14.368435Z  INFO herdr::logging: spawning pane terminal event="pane.spawn.start" subsystem="pane" outcome="started" pane_id=13 rows=61 cols=186 scrollback_limit_bytes=10000000
2026-08-24T10:06:14.373112Z  INFO herdr::logging: pane child spawned event="pane.spawned" subsystem="pane" outcome="ok" pane_id=13 pid=41739
2026-08-24T10:06:14.373404Z  INFO herdr::logging: spawning pane terminal event="pane.spawn.start" subsystem="pane" outcome="started" pane_id=15 rows=61 cols=186 scrollback_limit_bytes=10000000
2026-08-24T10:06:14.379216Z  INFO herdr::logging: pane child spawned event="pane.spawned" subsystem="pane" outcome="ok" pane_id=15 pid=41746
2026-08-24T10:06:14.379362Z  INFO herdr::logging: spawning pane terminal event="pane.spawn.start" subsystem="pane" outcome="started" pane_id=17 rows=61 cols=186 scrollback_limit_bytes=10000000
2026-08-24T10:06:14.384889Z  INFO herdr::logging: pane child spawned event="pane.spawned" subsystem="pane" outcome="ok" pane_id=17 pid=41749
2026-08-24T10:06:19.388882Z  INFO herdr::logging: session saved event="persist.save" subsystem="persist" outcome="ok" path=/Users/siwe001/.config/herdr/session.json workspaces=8
2026-08-24T10:06:21.435407Z  INFO herdr::pane: agent changed pane=6 previous_agent=None agent=Some(Cursor) process=cursor-agent pgid=Some(49871)
2026-08-24T10:06:21.437646Z  INFO herdr::pane: agent changed pane=10 previous_agent=None agent=Some(Cursor) process=cursor-agent pgid=Some(49901)
2026-08-24T10:06:21.447711Z  INFO herdr::pane: agent changed pane=11 previous_agent=None agent=Some(Cursor) process=cursor-agent pgid=Some(49898)
2026-08-24T10:06:21.447711Z  INFO herdr::pane: agent changed pane=13 previous_agent=None agent=Some(Cursor) process=cursor-agent pgid=Some(49912)
2026-08-24T10:06:21.456812Z  INFO herdr::pane: agent changed pane=15 previous_agent=None agent=Some(Cursor) process=cursor-agent pgid=Some(49905)
2026-08-24T10:06:21.959840Z  INFO herdr::pane: agent changed pane=17 previous_agent=None agent=Some(Cursor) process=cursor-agent pgid=Some(49931)
2026-08-24T10:36:14.009969Z  INFO herdr::logging: checking for updates event="update.check.start" subsystem="update" outcome="started"
2026-08-24T11:06:13.958667Z  INFO herdr::logging: checking for updates event="update.check.start" subsystem="update" outcome="started"
2026-08-24T11:36:13.993600Z  INFO herdr::logging: checking for updates event="update.check.start" subsystem="update" outcome="started"
2026-08-24T12:06:14.000915Z  INFO herdr::logging: checking for updates event="update.check.start" subsystem="update" outcome="started"
2026-08-24T12:36:14.027274Z  INFO herdr::logging: checking for updates event="update.check.start" subsystem="update" outcome="started"
2026-08-24T13:06:13.939941Z  INFO herdr::logging: checking for updates event="update.check.start" subsystem="update" outcome="started"
2026-08-24T13:36:13.917423Z  INFO herdr::logging: checking for updates event="update.check.start" subsystem="update" outcome="started"
2026-08-24T18:12:03.051562Z  INFO herdr::logging: checking for updates event="update.check.start" subsystem="update" outcome="started"
2026-08-25T02:40:43.555985Z  INFO herdr::logging: checking for updates event="update.check.start" subsystem="update" outcome="started"
2026-08-25T06:03:25.354787Z  INFO herdr::server::headless: client resize client_id=2 cols=213 rows=61 cell_width_px=0 cell_height_px=0
2026-08-25T06:03:25.477007Z  INFO herdr::server::headless: client resize client_id=2 cols=213 rows=61 cell_width_px=0 cell_height_px=0
2026-08-25T06:03:28.094575Z  INFO herdr::server::headless: client resize client_id=2 cols=106 rows=30 cell_width_px=0 cell_height_px=0
2026-08-25T06:03:28.203556Z  INFO herdr::server::headless: client resize client_id=2 cols=213 rows=62 cell_width_px=0 cell_height_px=0
2026-08-25T06:22:09.458375Z  INFO herdr::logging: checking for updates event="update.check.start" subsystem="update" outcome="started"
2026-08-25T06:40:23.238398Z  INFO herdr::pane: agent changed pane=8 previous_agent=None agent=Some(Cursor) process=cursor pgid=Some(51273)
2026-08-25T06:40:31.815693Z  INFO herdr::logging: session saved event="persist.save" subsystem="persist" outcome="ok" path=/Users/siwe001/.config/herdr/session.json workspaces=8
2026-08-25T06:52:09.451468Z  INFO herdr::logging: checking for updates event="update.check.start" subsystem="update" outcome="started"
2026-08-25T07:19:41.525201Z  INFO herdr::logging: workspace focused event="workspace.focus" subsystem="workspace" outcome="ok" workspace_id="wG"
2026-08-25T07:19:41.525527Z  INFO herdr::logging: tab focused event="tab.focus" subsystem="tab" outcome="ok" workspace_id="wG" tab_id="wG:t2"
2026-08-25T07:19:46.533933Z  INFO herdr::logging: session saved event="persist.save" subsystem="persist" outcome="ok" path=/Users/siwe001/.config/herdr/session.json workspaces=8
2026-08-25T07:22:09.445545Z  INFO herdr::logging: checking for updates event="update.check.start" subsystem="update" outcome="started"
2026-08-25T07:52:09.439828Z  INFO herdr::logging: checking for updates event="update.check.start" subsystem="update" outcome="started"
2026-08-25T09:25:42.265172Z  INFO herdr::logging: checking for updates event="update.check.start" subsystem="update" outcome="started"
2026-08-25T09:55:42.266757Z  INFO herdr::logging: checking for updates event="update.check.start" subsystem="update" outcome="started"
2026-08-25T10:25:42.276864Z  INFO herdr::logging: checking for updates event="update.check.start" subsystem="update" outcome="started"
2026-08-25T10:55:42.286516Z  INFO herdr::logging: checking for updates event="update.check.start" subsystem="update" outcome="started"
2026-08-25T11:25:42.295968Z  INFO herdr::logging: checking for updates event="update.check.start" subsystem="update" outcome="started"
2026-08-25T11:33:48.259268Z  INFO herdr::pane: agent changed pane=14 previous_agent=None agent=Some(Cursor) process=cursor pgid=Some(23818)
2026-08-25T11:33:56.135771Z  INFO herdr::logging: session saved event="persist.save" subsystem="persist" outcome="ok" path=/Users/siwe001/.config/herdr/session.json workspaces=8
2026-08-25T11:38:42.918128Z  INFO herdr::logging: spawning pane terminal event="pane.spawn.start" subsystem="pane" outcome="started" pane_id=18 rows=61 cols=187 scrollback_limit_bytes=10000000
2026-08-25T11:38:42.926037Z  INFO herdr::logging: pane child spawned event="pane.spawned" subsystem="pane" outcome="ok" pane_id=18 pid=26318
2026-08-25T11:38:42.926557Z  INFO herdr::logging: tab focused event="tab.focus" subsystem="tab" outcome="ok" workspace_id="wG" tab_id="wG:t3"
2026-08-25T11:38:47.935685Z  INFO herdr::logging: session saved event="persist.save" subsystem="persist" outcome="ok" path=/Users/siwe001/.config/herdr/session.json workspaces=8
2026-08-25T11:52:41.396866Z  INFO herdr::logging: tab focused event="tab.focus" subsystem="tab" outcome="ok" workspace_id="wG" tab_id="wG:t2"
2026-08-25T11:52:46.406925Z  INFO herdr::logging: session saved event="persist.save" subsystem="persist" outcome="ok" path=/Users/siwe001/.config/herdr/session.json workspaces=8
2026-08-25T11:54:09.606239Z  INFO herdr::logging: tab focused event="tab.focus" subsystem="tab" outcome="ok" workspace_id="wG" tab_id="wG:t3"
2026-08-25T11:54:14.614686Z  INFO herdr::logging: session saved event="persist.save" subsystem="persist" outcome="ok" path=/Users/siwe001/.config/herdr/session.json workspaces=8
2026-08-25T11:55:42.217599Z  INFO herdr::logging: checking for updates event="update.check.start" subsystem="update" outcome="started"
2026-08-25T11:56:31.928453Z  INFO herdr::app::actions: copied double-clicked token to clipboard
2026-08-25T11:59:52.458103Z  INFO herdr::logging: workspace focused event="workspace.focus" subsystem="workspace" outcome="ok" workspace_id="wE"
2026-08-25T11:59:52.458329Z  INFO herdr::logging: tab focused event="tab.focus" subsystem="tab" outcome="ok" workspace_id="wE" tab_id="wE:t7"
2026-08-25T11:59:57.468754Z  INFO herdr::logging: session saved event="persist.save" subsystem="persist" outcome="ok" path=/Users/siwe001/.config/herdr/session.json workspaces=8
2026-08-25T12:31:05.775431Z  INFO herdr::logging: checking for updates event="update.check.start" subsystem="update" outcome="started"
2026-08-25T13:01:05.759533Z  INFO herdr::logging: checking for updates event="update.check.start" subsystem="update" outcome="started"
2026-08-25T13:31:05.745591Z  INFO herdr::logging: checking for updates event="update.check.start" subsystem="update" outcome="started"
2026-08-25T14:01:05.840601Z  INFO herdr::logging: checking for updates event="update.check.start" subsystem="update" outcome="started"
2026-08-25T14:31:05.861896Z  INFO herdr::logging: checking for updates event="update.check.start" subsystem="update" outcome="started"
2026-08-25T15:01:05.832900Z  INFO herdr::logging: checking for updates event="update.check.start" subsystem="update" outcome="started"
2026-08-25T16:01:19.763444Z  INFO herdr::logging: checking for updates event="update.check.start" subsystem="update" outcome="started"
2026-08-25T16:31:19.773188Z  INFO herdr::logging: checking for updates event="update.check.start" subsystem="update" outcome="started"
2026-08-25T18:08:06.377111Z  INFO herdr::logging: checking for updates event="update.check.start" subsystem="update" outcome="started"
2026-08-25T23:00:08.333966Z  INFO herdr::logging: checking for updates event="update.check.start" subsystem="update" outcome="started"
2026-08-26T05:15:22.720639Z  INFO herdr::logging: checking for updates event="update.check.start" subsystem="update" outcome="started"
2026-08-26T07:38:19.022708Z  INFO herdr::server::headless: client resize client_id=2 cols=213 rows=61 cell_width_px=0 cell_height_px=0
2026-08-26T07:38:19.270400Z  INFO herdr::server::headless: client resize client_id=2 cols=213 rows=61 cell_width_px=0 cell_height_px=0
2026-08-26T07:38:55.895857Z  INFO herdr::server::headless: client resize client_id=2 cols=213 rows=62 cell_width_px=0 cell_height_px=0
2026-08-26T08:01:24.036750Z  INFO herdr::logging: checking for updates event="update.check.start" subsystem="update" outcome="started"
2026-08-26T08:31:24.053022Z  INFO herdr::logging: checking for updates event="update.check.start" subsystem="update" outcome="started"
2026-08-26T09:01:24.049489Z  INFO herdr::logging: checking for updates event="update.check.start" subsystem="update" outcome="started"
2026-08-26T09:31:23.963818Z  INFO herdr::logging: checking for updates event="update.check.start" subsystem="update" outcome="started"
2026-08-26T09:39:31.409884Z  INFO herdr::logging: workspace focused event="workspace.focus" subsystem="workspace" outcome="ok" workspace_id="wE"
2026-08-26T09:39:31.410148Z  INFO herdr::logging: tab focused event="tab.focus" subsystem="tab" outcome="ok" workspace_id="wE" tab_id="wE:t7"
2026-08-26T09:39:34.891859Z  INFO herdr::pane: agent changed pane=8 previous_agent=Some(Cursor) agent=None pgid=Some(41431)
2026-08-26T09:39:35.660284Z  INFO herdr::logging: tab focused event="tab.focus" subsystem="tab" outcome="ok" workspace_id="wE" tab_id="wE:t8"
2026-08-26T09:39:40.672336Z  INFO herdr::logging: session saved event="persist.save" subsystem="persist" outcome="ok" path=/Users/siwe001/.config/herdr/session.json workspaces=8
2026-08-26T09:40:03.677697Z  INFO herdr::pane: agent changed pane=9 previous_agent=None agent=Some(Cursor) process=cursor pgid=Some(10768)
2026-08-26T09:40:12.163134Z  INFO herdr::logging: session saved event="persist.save" subsystem="persist" outcome="ok" path=/Users/siwe001/.config/herdr/session.json workspaces=8
2026-08-26T09:46:50.618063Z  INFO herdr::logging: spawning pane terminal event="pane.spawn.start" subsystem="pane" outcome="started" pane_id=19 rows=61 cols=187 scrollback_limit_bytes=10000000
2026-08-26T09:46:50.628153Z  INFO herdr::logging: pane child spawned event="pane.spawned" subsystem="pane" outcome="ok" pane_id=19 pid=13538
2026-08-26T09:46:50.629330Z  INFO herdr::logging: tab focused event="tab.focus" subsystem="tab" outcome="ok" workspace_id="wE" tab_id="wE:t9"
2026-08-26T09:46:55.638343Z  INFO herdr::logging: session saved event="persist.save" subsystem="persist" outcome="ok" path=/Users/siwe001/.config/herdr/session.json workspaces=8
2026-08-26T09:50:00.180402Z  INFO herdr::logging: tab focused event="tab.focus" subsystem="tab" outcome="ok" workspace_id="wE" tab_id="wE:t8"
2026-08-26T09:50:05.358087Z  INFO herdr::logging: session saved event="persist.save" subsystem="persist" outcome="ok" path=/Users/siwe001/.config/herdr/session.json workspaces=8
2026-08-26T09:51:11.461873Z  INFO herdr::logging: tab focused event="tab.focus" subsystem="tab" outcome="ok" workspace_id="wE" tab_id="wE:t9"
2026-08-26T09:51:16.471140Z  INFO herdr::logging: session saved event="persist.save" subsystem="persist" outcome="ok" path=/Users/siwe001/.config/herdr/session.json workspaces=8
2026-08-26T09:51:25.247243Z  INFO herdr::app::actions: copied double-clicked token to clipboard
2026-08-26T10:01:24.023315Z  INFO herdr::logging: checking for updates event="update.check.start" subsystem="update" outcome="started"
2026-08-26T10:31:24.035148Z  INFO herdr::logging: checking for updates event="update.check.start" subsystem="update" outcome="started"
2026-08-26T11:01:24.047285Z  INFO herdr::logging: checking for updates event="update.check.start" subsystem="update" outcome="started"
2026-08-26T11:31:23.946816Z  INFO herdr::logging: checking for updates event="update.check.start" subsystem="update" outcome="started"
2026-08-26T12:01:24.014971Z  INFO herdr::logging: checking for updates event="update.check.start" subsystem="update" outcome="started"
2026-08-26T12:31:23.944122Z  INFO herdr::logging: checking for updates event="update.check.start" subsystem="update" outcome="started"
2026-08-26T13:01:24.013533Z  INFO herdr::logging: checking for updates event="update.check.start" subsystem="update" outcome="started"
2026-08-26T13:31:23.942309Z  INFO herdr::logging: checking for updates event="update.check.start" subsystem="update" outcome="started"
2026-08-26T14:01:23.925060Z  INFO herdr::logging: checking for updates event="update.check.start" subsystem="update" outcome="started"
2026-08-26T14:31:24.003707Z  INFO herdr::logging: checking for updates event="update.check.start" subsystem="update" outcome="started"
2026-08-26T18:20:55.202050Z  INFO herdr::logging: checking for updates event="update.check.start" subsystem="update" outcome="started"
2026-08-27T03:13:21.323270Z  INFO herdr::logging: checking for updates event="update.check.start" subsystem="update" outcome="started"
2026-08-27T06:28:56.518705Z  INFO herdr::pane: agent changed pane=19 previous_agent=None agent=Some(Cursor) process=cursor pgid=Some(13605)
2026-08-27T06:29:04.970589Z  INFO herdr::logging: session saved event="persist.save" subsystem="persist" outcome="ok" path=/Users/siwe001/.config/herdr/session.json workspaces=8
2026-08-27T06:29:57.385630Z  INFO herdr::logging: session saved event="persist.save" subsystem="persist" outcome="ok" path=/Users/siwe001/.config/herdr/session.json workspaces=8
2026-08-27T06:46:24.678145Z  INFO herdr::logging: checking for updates event="update.check.start" subsystem="update" outcome="started"
2026-08-27T07:34:31.753603Z  INFO herdr::logging: checking for updates event="update.check.start" subsystem="update" outcome="started"
2026-08-27T08:04:31.775238Z  INFO herdr::logging: checking for updates event="update.check.start" subsystem="update" outcome="started"
2026-08-27T08:34:31.789168Z  INFO herdr::logging: checking for updates event="update.check.start" subsystem="update" outcome="started"
2026-08-27T09:10:58.789456Z  INFO herdr::logging: checking for updates event="update.check.start" subsystem="update" outcome="started"
2026-08-27T09:24:03.149348Z  INFO herdr::pane: agent changed pane=19 previous_agent=Some(Cursor) agent=None pgid=Some(13538)
2026-08-27T09:24:07.853139Z  INFO herdr::logging: session saved event="persist.save" subsystem="persist" outcome="ok" path=/Users/siwe001/.config/herdr/session.json workspaces=8
2026-08-27T09:24:11.714076Z  INFO herdr::pane: agent changed pane=19 previous_agent=None agent=Some(Cursor) process=cursor pgid=Some(2201)
2026-08-27T09:24:22.842192Z  INFO herdr::logging: session saved event="persist.save" subsystem="persist" outcome="ok" path=/Users/siwe001/.config/herdr/session.json workspaces=8
2026-08-27T09:40:58.800483Z  INFO herdr::logging: checking for updates event="update.check.start" subsystem="update" outcome="started"
2026-08-27T10:45:39.764527Z  INFO herdr::logging: checking for updates event="update.check.start" subsystem="update" outcome="started"
2026-08-27T11:15:39.778265Z  INFO herdr::logging: checking for updates event="update.check.start" subsystem="update" outcome="started"
2026-08-27T11:45:39.767509Z  INFO herdr::logging: checking for updates event="update.check.start" subsystem="update" outcome="started"
2026-08-27T12:15:39.741989Z  INFO herdr::logging: checking for updates event="update.check.start" subsystem="update" outcome="started"
2026-08-27T12:45:39.763354Z  INFO herdr::logging: checking for updates event="update.check.start" subsystem="update" outcome="started"
2026-08-27T13:15:39.767975Z  INFO herdr::logging: checking for updates event="update.check.start" subsystem="update" outcome="started"
2026-08-27T13:45:39.691141Z  INFO herdr::logging: checking for updates event="update.check.start" subsystem="update" outcome="started"
2026-08-27T14:15:39.663703Z  INFO herdr::logging: checking for updates event="update.check.start" subsystem="update" outcome="started"
2026-08-27T14:45:39.642896Z  INFO herdr::logging: checking for updates event="update.check.start" subsystem="update" outcome="started"
2026-08-27T15:15:39.662683Z  INFO herdr::logging: checking for updates event="update.check.start" subsystem="update" outcome="started"
2026-08-27T15:45:39.730037Z  INFO herdr::logging: checking for updates event="update.check.start" subsystem="update" outcome="started"
2026-08-27T16:15:39.749352Z  INFO herdr::logging: checking for updates event="update.check.start" subsystem="update" outcome="started"
2026-08-27T16:45:39.772716Z  INFO herdr::logging: checking for updates event="update.check.start" subsystem="update" outcome="started"
2026-08-27T17:15:39.755870Z  INFO herdr::logging: checking for updates event="update.check.start" subsystem="update" outcome="started"
2026-08-27T20:06:30.153328Z  INFO herdr::logging: checking for updates event="update.check.start" subsystem="update" outcome="started"
2026-08-28T07:08:35.353793Z  INFO herdr::logging: checking for updates event="update.check.start" subsystem="update" outcome="started"
2026-08-28T07:51:56.619842Z  INFO herdr::server::headless: client resize client_id=2 cols=213 rows=61 cell_width_px=0 cell_height_px=0
2026-08-28T07:51:56.922069Z  INFO herdr::server::headless: client resize client_id=2 cols=213 rows=61 cell_width_px=0 cell_height_px=0
2026-08-28T07:51:57.032171Z  INFO herdr::server::headless: client resize client_id=2 cols=213 rows=61 cell_width_px=0 cell_height_px=0
2026-08-28T07:51:58.849822Z  INFO herdr::server::headless: client resize client_id=2 cols=213 rows=62 cell_width_px=0 cell_height_px=0
2026-08-28T08:19:33.921237Z  INFO herdr::logging: checking for updates event="update.check.start" subsystem="update" outcome="started"
2026-08-28T08:25:30.730444Z  INFO herdr::pane: agent changed pane=19 previous_agent=Some(Cursor) agent=None pgid=Some(13538)
2026-08-28T08:25:35.440726Z  INFO herdr::logging: session saved event="persist.save" subsystem="persist" outcome="ok" path=/Users/siwe001/.config/herdr/session.json workspaces=8
2026-08-28T08:25:56.248413Z  INFO herdr::logging: workspace focused event="workspace.focus" subsystem="workspace" outcome="ok" workspace_id="wG"
2026-08-28T08:25:56.248940Z  INFO herdr::logging: tab focused event="tab.focus" subsystem="tab" outcome="ok" workspace_id="wG" tab_id="wG:t3"
2026-08-28T08:26:01.259849Z  INFO herdr::logging: session saved event="persist.save" subsystem="persist" outcome="ok" path=/Users/siwe001/.config/herdr/session.json workspaces=8
2026-08-28T08:26:02.647586Z  INFO herdr::logging: workspace focused event="workspace.focus" subsystem="workspace" outcome="ok" workspace_id="wE"
2026-08-28T08:26:02.648344Z  INFO herdr::logging: tab focused event="tab.focus" subsystem="tab" outcome="ok" workspace_id="wE" tab_id="wE:t9"
2026-08-28T08:26:07.657989Z  INFO herdr::logging: session saved event="persist.save" subsystem="persist" outcome="ok" path=/Users/siwe001/.config/herdr/session.json workspaces=8
2026-08-28T08:26:16.383447Z  INFO herdr::app::actions: copied double-clicked token to clipboard
2026-08-28T08:26:24.864817Z  INFO herdr::app::actions: copied double-clicked token to clipboard
2026-08-28T08:26:32.798571Z  INFO herdr::app::actions: copied double-clicked token to clipboard
2026-08-28T08:26:39.981981Z  INFO herdr::app::actions: copied double-clicked token to clipboard
2026-08-28T08:26:44.415583Z  INFO herdr::app::actions: copied double-clicked token to clipboard
2026-08-28T08:49:34.053446Z  INFO herdr::logging: checking for updates event="update.check.start" subsystem="update" outcome="started"
2026-08-28T09:03:16.898928Z  INFO herdr::logging: workspace focused event="workspace.focus" subsystem="workspace" outcome="ok" workspace_id="wJ"
2026-08-28T09:03:16.899530Z  INFO herdr::logging: tab focused event="tab.focus" subsystem="tab" outcome="ok" workspace_id="wJ" tab_id="wJ:t1"
2026-08-28T09:03:18.986414Z  INFO herdr::pane: agent changed pane=17 previous_agent=Some(Cursor) agent=None pgid=Some(41749)
2026-08-28T09:03:19.231957Z  INFO herdr::logging: pane child exited event="pane.exit" subsystem="pane" outcome="completed" pane_id=17 status="ExitStatus { code: 0, signal: None }"
2026-08-28T09:03:19.232363Z  INFO herdr::pane: pane session terminated pane=17 pid=41749 signal=Hangup
2026-08-28T09:03:22.306806Z  INFO herdr::pane: agent changed pane=15 previous_agent=Some(Cursor) agent=None pgid=Some(41746)
2026-08-28T09:03:22.783620Z  INFO herdr::logging: pane child exited event="pane.exit" subsystem="pane" outcome="completed" pane_id=15 status="ExitStatus { code: 0, signal: None }"
2026-08-28T09:03:22.784180Z  INFO herdr::pane: pane session terminated pane=15 pid=41746 signal=Hangup
2026-08-28T09:03:24.023599Z  INFO herdr::logging: pane child exited event="pane.exit" subsystem="pane" outcome="completed" pane_id=16 status="ExitStatus { code: 0, signal: None }"
2026-08-28T09:03:24.024360Z  INFO herdr::pane: pane session terminated pane=16 pid=41451 signal=Hangup
2026-08-28T09:03:29.036679Z  INFO herdr::logging: session saved event="persist.save" subsystem="persist" outcome="ok" path=/Users/siwe001/.config/herdr/session.json workspaces=6
2026-08-28T09:05:34.986629Z  INFO herdr::logging: pane child exited event="pane.exit" subsystem="pane" outcome="completed" pane_id=18 status="ExitStatus { code: 0, signal: None }"
2026-08-28T09:05:34.987013Z  INFO herdr::pane: pane session terminated pane=18 pid=26318 signal=Hangup
2026-08-28T09:05:36.902433Z  INFO herdr::pane: agent changed pane=14 previous_agent=Some(Cursor) agent=None pgid=Some(41445)
2026-08-28T09:05:38.483065Z  INFO herdr::logging: pane child exited event="pane.exit" subsystem="pane" outcome="completed" pane_id=14 status="ExitStatus { code: 0, signal: None }"
2026-08-28T09:05:38.483401Z  INFO herdr::pane: pane session terminated pane=14 pid=41445 signal=Hangup
2026-08-28T09:05:43.490998Z  INFO herdr::logging: session saved event="persist.save" subsystem="persist" outcome="ok" path=/Users/siwe001/.config/herdr/session.json workspaces=6
2026-08-28T09:06:05.865195Z  INFO herdr::pane: agent changed pane=13 previous_agent=Some(Cursor) agent=None pgid=Some(41739)
2026-08-28T09:06:06.701305Z  INFO herdr::logging: pane child exited event="pane.exit" subsystem="pane" outcome="completed" pane_id=13 status="ExitStatus { code: 0, signal: None }"
2026-08-28T09:06:06.701928Z  INFO herdr::pane: pane session terminated pane=13 pid=41739 signal=Hangup
2026-08-28T09:06:11.298465Z  INFO herdr::pane: agent changed pane=10 previous_agent=Some(Cursor) agent=None pgid=Some(41734)
2026-08-28T09:06:13.550431Z  INFO herdr::logging: workspace focused event="workspace.focus" subsystem="workspace" outcome="ok" workspace_id="wC"
2026-08-28T09:06:13.550509Z  INFO herdr::logging: tab focused event="tab.focus" subsystem="tab" outcome="ok" workspace_id="wC" tab_id="wC:t2"
2026-08-28T09:06:14.650905Z  INFO herdr::logging: pane child exited event="pane.exit" subsystem="pane" outcome="completed" pane_id=4 status="ExitStatus { code: 0, signal: None }"
2026-08-28T09:06:14.658125Z  INFO herdr::pane: pane session terminated pane=4 pid=41423 signal=Hangup
2026-08-28T09:06:17.439489Z  INFO herdr::pane: agent changed pane=3 previous_agent=None agent=Some(Cursor) process=cursor pgid=Some(53159)
2026-08-28T09:06:19.686014Z  INFO herdr::logging: session saved event="persist.save" subsystem="persist" outcome="ok" path=/Users/siwe001/.config/herdr/session.json workspaces=5
2026-08-28T09:06:25.718234Z  INFO herdr::logging: session saved event="persist.save" subsystem="persist" outcome="ok" path=/Users/siwe001/.config/herdr/session.json workspaces=5
2026-08-28T09:06:52.017547Z  INFO herdr::logging: workspace focused event="workspace.focus" subsystem="workspace" outcome="ok" workspace_id="w7"
2026-08-28T09:06:52.017794Z  INFO herdr::logging: tab focused event="tab.focus" subsystem="tab" outcome="ok" workspace_id="w7" tab_id="w7:t1"
2026-08-28T09:06:52.651122Z  INFO herdr::logging: workspace focused event="workspace.focus" subsystem="workspace" outcome="ok" workspace_id="wC"
2026-08-28T09:06:52.651188Z  INFO herdr::logging: tab focused event="tab.focus" subsystem="tab" outcome="ok" workspace_id="wC" tab_id="wC:t1"
2026-08-28T09:06:57.658243Z  INFO herdr::logging: session saved event="persist.save" subsystem="persist" outcome="ok" path=/Users/siwe001/.config/herdr/session.json workspaces=5
2026-08-28T09:07:11.236068Z  INFO herdr::logging: workspace focused event="workspace.focus" subsystem="workspace" outcome="ok" workspace_id="wE"
2026-08-28T09:07:11.237094Z  INFO herdr::logging: tab focused event="tab.focus" subsystem="tab" outcome="ok" workspace_id="wE" tab_id="wE:t8"
2026-08-28T09:07:12.169325Z  INFO herdr::logging: workspace focused event="workspace.focus" subsystem="workspace" outcome="ok" workspace_id="wF"
2026-08-28T09:07:12.169407Z  INFO herdr::logging: tab focused event="tab.focus" subsystem="tab" outcome="ok" workspace_id="wF" tab_id="wF:t2"
2026-08-28T09:07:13.235180Z  INFO herdr::logging: workspace focused event="workspace.focus" subsystem="workspace" outcome="ok" workspace_id="wE"
2026-08-28T09:07:13.235236Z  INFO herdr::logging: tab focused event="tab.focus" subsystem="tab" outcome="ok" workspace_id="wE" tab_id="wE:t1"
2026-08-28T09:07:13.885001Z  INFO herdr::logging: tab focused event="tab.focus" subsystem="tab" outcome="ok" workspace_id="wE" tab_id="wE:t8"
2026-08-28T09:07:14.669409Z  INFO herdr::logging: workspace focused event="workspace.focus" subsystem="workspace" outcome="ok" workspace_id="wC"
2026-08-28T09:07:14.669502Z  INFO herdr::logging: tab focused event="tab.focus" subsystem="tab" outcome="ok" workspace_id="wC" tab_id="wC:t1"
2026-08-28T09:07:19.676756Z  INFO herdr::logging: session saved event="persist.save" subsystem="persist" outcome="ok" path=/Users/siwe001/.config/herdr/session.json workspaces=5
2026-08-28T09:18:08.579636Z  INFO herdr::pane: agent changed pane=3 previous_agent=Some(Cursor) agent=None pgid=Some(41422)
2026-08-28T09:18:13.283402Z  INFO herdr::logging: session saved event="persist.save" subsystem="persist" outcome="ok" path=/Users/siwe001/.config/herdr/session.json workspaces=5
2026-08-28T09:19:34.088528Z  INFO herdr::logging: checking for updates event="update.check.start" subsystem="update" outcome="started"
2026-08-28T09:22:01.770248Z  INFO herdr::pane: agent changed pane=3 previous_agent=None agent=Some(Cursor) process=cursor pgid=Some(68920)
2026-08-28T09:22:09.094272Z  INFO herdr::logging: session saved event="persist.save" subsystem="persist" outcome="ok" path=/Users/siwe001/.config/herdr/session.json workspaces=5
2026-08-28T11:05:27.554520Z  INFO herdr::server::headless: client resize client_id=2 cols=213 rows=61 cell_width_px=0 cell_height_px=0
2026-08-28T11:05:28.377861Z  INFO herdr::server::headless: client resize client_id=2 cols=213 rows=61 cell_width_px=0 cell_height_px=0
2026-08-28T11:05:28.991548Z  INFO herdr::server::headless: client resize client_id=2 cols=213 rows=62 cell_width_px=0 cell_height_px=0
2026-08-28T11:08:31.733158Z  INFO herdr::logging: checking for updates event="update.check.start" subsystem="update" outcome="started"
2026-08-28T11:32:17.942412Z  INFO herdr::logging: workspace focused event="workspace.focus" subsystem="workspace" outcome="ok" workspace_id="wF"
2026-08-28T11:32:17.943833Z  INFO herdr::logging: tab focused event="tab.focus" subsystem="tab" outcome="ok" workspace_id="wF" tab_id="wF:t2"
2026-08-28T11:32:22.953335Z  INFO herdr::logging: session saved event="persist.save" subsystem="persist" outcome="ok" path=/Users/siwe001/.config/herdr/session.json workspaces=5
2026-08-28T11:34:04.323001Z  INFO herdr::logging: workspace focused event="workspace.focus" subsystem="workspace" outcome="ok" workspace_id="wC"
2026-08-28T11:34:04.324097Z  INFO herdr::logging: tab focused event="tab.focus" subsystem="tab" outcome="ok" workspace_id="wC" tab_id="wC:t1"
2026-08-28T11:34:09.331860Z  INFO herdr::logging: session saved event="persist.save" subsystem="persist" outcome="ok" path=/Users/siwe001/.config/herdr/session.json workspaces=5
2026-08-28T11:34:57.473237Z  INFO herdr::logging: spawning pane terminal event="pane.spawn.start" subsystem="pane" outcome="started" pane_id=20 rows=61 cols=187 scrollback_limit_bytes=10000000
2026-08-28T11:34:57.492943Z  INFO herdr::logging: pane child spawned event="pane.spawned" subsystem="pane" outcome="ok" pane_id=20 pid=22568
2026-08-28T11:34:57.494916Z  INFO herdr::logging: tab focused event="tab.focus" subsystem="tab" outcome="ok" workspace_id="wC" tab_id="wC:t7"
2026-08-28T11:35:02.509276Z  INFO herdr::logging: session saved event="persist.save" subsystem="persist" outcome="ok" path=/Users/siwe001/.config/herdr/session.json workspaces=5
2026-08-28T11:38:31.725849Z  INFO herdr::logging: checking for updates event="update.check.start" subsystem="update" outcome="started"
2026-08-28T11:44:09.109866Z  INFO herdr::logging: workspace focused event="workspace.focus" subsystem="workspace" outcome="ok" workspace_id="wF"
2026-08-28T11:44:09.111280Z  INFO herdr::logging: tab focused event="tab.focus" subsystem="tab" outcome="ok" workspace_id="wF" tab_id="wF:t2"
2026-08-28T11:44:14.115527Z  INFO herdr::logging: session saved event="persist.save" subsystem="persist" outcome="ok" path=/Users/siwe001/.config/herdr/session.json workspaces=5
2026-08-28T11:51:42.982944Z  INFO herdr::app::actions: copied selection to clipboard
2026-08-28T12:08:31.628648Z  INFO herdr::logging: checking for updates event="update.check.start" subsystem="update" outcome="started"
2026-08-28T12:09:43.009851Z  INFO herdr::logging: spawning pane terminal event="pane.spawn.start" subsystem="pane" outcome="started" pane_id=21 rows=61 cols=187 scrollback_limit_bytes=10000000
2026-08-28T12:09:43.019076Z  INFO herdr::logging: pane child spawned event="pane.spawned" subsystem="pane" outcome="ok" pane_id=21 pid=69893
2026-08-28T12:09:43.019416Z  INFO herdr::logging: tab focused event="tab.focus" subsystem="tab" outcome="ok" workspace_id="wF" tab_id="wF:t4"
2026-08-28T12:09:48.027623Z  INFO herdr::logging: session saved event="persist.save" subsystem="persist" outcome="ok" path=/Users/siwe001/.config/herdr/session.json workspaces=5
2026-08-28T12:10:43.645266Z  INFO herdr::logging: pane child exited event="pane.exit" subsystem="pane" outcome="completed" pane_id=21 status="ExitStatus { code: 0, signal: None }"
2026-08-28T12:10:43.646275Z  INFO herdr::pane: pane session terminated pane=21 pid=69893 signal=Hangup
2026-08-28T12:10:44.755317Z  INFO herdr::logging: pane child exited event="pane.exit" subsystem="pane" outcome="completed" pane_id=12 status="ExitStatus { code: 0, signal: None }"
2026-08-28T12:10:44.755679Z  INFO herdr::pane: pane session terminated pane=12 pid=41441 signal=Hangup
2026-08-28T12:10:49.761596Z  INFO herdr::logging: session saved event="persist.save" subsystem="persist" outcome="ok" path=/Users/siwe001/.config/herdr/session.json workspaces=5
2026-08-28T12:12:25.581669Z  INFO herdr::logging: spawning pane terminal event="pane.spawn.start" subsystem="pane" outcome="started" pane_id=22 rows=61 cols=187 scrollback_limit_bytes=10000000
2026-08-28T12:12:25.588536Z  INFO herdr::logging: pane child spawned event="pane.spawned" subsystem="pane" outcome="ok" pane_id=22 pid=73955
2026-08-28T12:12:25.589969Z  INFO herdr::logging: tab focused event="tab.focus" subsystem="tab" outcome="ok" workspace_id="wF" tab_id="wF:t5"
2026-08-28T12:12:30.597580Z  INFO herdr::logging: session saved event="persist.save" subsystem="persist" outcome="ok" path=/Users/siwe001/.config/herdr/session.json workspaces=5
2026-08-28T12:35:33.568320Z  INFO herdr::logging: tab focused event="tab.focus" subsystem="tab" outcome="ok" workspace_id="wF" tab_id="wF:t2"
2026-08-28T12:35:38.573336Z  INFO herdr::logging: session saved event="persist.save" subsystem="persist" outcome="ok" path=/Users/siwe001/.config/herdr/session.json workspaces=5
2026-08-28T12:38:31.717722Z  INFO herdr::logging: checking for updates event="update.check.start" subsystem="update" outcome="started"
2026-08-28T12:39:03.256464Z  INFO herdr::logging: tab focused event="tab.focus" subsystem="tab" outcome="ok" workspace_id="wF" tab_id="wF:t2"
2026-08-28T12:39:05.724791Z  INFO herdr::logging: tab focused event="tab.focus" subsystem="tab" outcome="ok" workspace_id="wF" tab_id="wF:t2"
2026-08-28T12:39:08.344682Z  INFO herdr::logging: tab focused event="tab.focus" subsystem="tab" outcome="ok" workspace_id="wF" tab_id="wF:t5"
2026-08-28T12:39:13.349522Z  INFO herdr::logging: session saved event="persist.save" subsystem="persist" outcome="ok" path=/Users/siwe001/.config/herdr/session.json workspaces=5
2026-08-28T12:49:52.212456Z  INFO herdr::logging: tab focused event="tab.focus" subsystem="tab" outcome="ok" workspace_id="wF" tab_id="wF:t2"
2026-08-28T12:49:57.220358Z  INFO herdr::logging: session saved event="persist.save" subsystem="persist" outcome="ok" path=/Users/siwe001/.config/herdr/session.json workspaces=5
2026-08-28T12:50:58.413095Z  INFO herdr::app::actions: copied selection to clipboard
2026-08-28T12:52:12.930380Z  INFO herdr::app::actions: copied selection to clipboard
2026-08-28T13:02:37.219005Z  INFO herdr::app::actions: copied selection to clipboard
2026-08-28T13:08:31.737417Z  INFO herdr::logging: checking for updates event="update.check.start" subsystem="update" outcome="started"
2026-08-28T13:13:07.358570Z  INFO herdr::logging: tab focused event="tab.focus" subsystem="tab" outcome="ok" workspace_id="wF" tab_id="wF:t5"
2026-08-28T13:13:12.367159Z  INFO herdr::logging: session saved event="persist.save" subsystem="persist" outcome="ok" path=/Users/siwe001/.config/herdr/session.json workspaces=5
2026-08-28T13:30:14.656806Z  INFO herdr::logging: spawning pane terminal event="pane.spawn.start" subsystem="pane" outcome="started" pane_id=23 rows=61 cols=187 scrollback_limit_bytes=10000000
2026-08-28T13:30:14.662706Z  INFO herdr::logging: pane child spawned event="pane.spawned" subsystem="pane" outcome="ok" pane_id=23 pid=71697
2026-08-28T13:30:14.667001Z  INFO herdr::logging: workspace created event="workspace.create" subsystem="workspace" outcome="ok" workspace_id="wK" pane_id=23
2026-08-28T13:30:14.667013Z  INFO herdr::logging: workspace focused event="workspace.focus" subsystem="workspace" outcome="ok" workspace_id="wK"
2026-08-28T13:30:14.667035Z  INFO herdr::logging: tab focused event="tab.focus" subsystem="tab" outcome="ok" workspace_id="wK" tab_id="wK:t1"
2026-08-28T13:30:19.673610Z  INFO herdr::logging: session saved event="persist.save" subsystem="persist" outcome="ok" path=/Users/siwe001/.config/herdr/session.json workspaces=6
2026-08-28T13:33:21.166863Z  INFO herdr::pane: agent changed pane=23 previous_agent=None agent=Some(Cursor) process=cursor pgid=Some(77023)
2026-08-28T13:33:30.632572Z  INFO herdr::logging: session saved event="persist.save" subsystem="persist" outcome="ok" path=/Users/siwe001/.config/herdr/session.json workspaces=6
2026-08-28T13:38:31.720701Z  INFO herdr::logging: checking for updates event="update.check.start" subsystem="update" outcome="started"
2026-08-28T13:54:12.279780Z  INFO herdr::app::actions: copied selection to clipboard
2026-08-28T14:08:31.727867Z  INFO herdr::logging: checking for updates event="update.check.start" subsystem="update" outcome="started"
2026-08-28T19:32:07.254629Z  INFO herdr::logging: checking for updates event="update.check.start" subsystem="update" outcome="started"
2026-08-29T08:26:00.562012Z  INFO herdr::logging: checking for updates event="update.check.start" subsystem="update" outcome="started"
2026-08-29T20:11:09.759639Z  INFO herdr::logging: checking for updates event="update.check.start" subsystem="update" outcome="started"
2026-08-30T09:01:45.587925Z  INFO herdr::logging: checking for updates event="update.check.start" subsystem="update" outcome="started"
2026-08-30T21:29:52.174124Z  INFO herdr::logging: checking for updates event="update.check.start" subsystem="update" outcome="started"
2026-08-31T07:27:03.865979Z  INFO herdr::logging: workspace focused event="workspace.focus" subsystem="workspace" outcome="ok" workspace_id="wD"
2026-08-31T07:27:03.866720Z  INFO herdr::logging: tab focused event="tab.focus" subsystem="tab" outcome="ok" workspace_id="wD" tab_id="wD:t1"
2026-08-31T07:27:08.970820Z  INFO herdr::logging: session saved event="persist.save" subsystem="persist" outcome="ok" path=/Users/siwe001/.config/herdr/session.json workspaces=6
2026-08-31T07:33:49.414860Z  INFO herdr::logging: checking for updates event="update.check.start" subsystem="update" outcome="started"
2026-08-31T08:03:49.410007Z  INFO herdr::logging: checking for updates event="update.check.start" subsystem="update" outcome="started"
2026-08-31T09:12:23.804791Z  INFO herdr::logging: checking for updates event="update.check.start" subsystem="update" outcome="started"
2026-08-31T10:37:02.305870Z  INFO herdr::server::headless: client resize client_id=2 cols=213 rows=61 cell_width_px=0 cell_height_px=0
2026-08-31T10:37:02.615319Z  INFO herdr::server::headless: client resize client_id=2 cols=213 rows=61 cell_width_px=0 cell_height_px=0
2026-08-31T10:37:02.898206Z  INFO herdr::server::headless: client resize client_id=2 cols=213 rows=61 cell_width_px=0 cell_height_px=0
2026-08-31T10:37:08.992807Z  INFO herdr::server::headless: client resize client_id=2 cols=213 rows=62 cell_width_px=0 cell_height_px=0
2026-08-31T10:43:06.419392Z  INFO herdr::logging: checking for updates event="update.check.start" subsystem="update" outcome="started"
2026-08-31T11:14:26.731532Z  INFO herdr::logging: checking for updates event="update.check.start" subsystem="update" outcome="started"
2026-08-31T11:44:26.735906Z  INFO herdr::logging: checking for updates event="update.check.start" subsystem="update" outcome="started"
2026-08-31T13:27:24.187941Z  INFO herdr::server::headless: client resize client_id=2 cols=213 rows=61 cell_width_px=0 cell_height_px=0
2026-08-31T13:27:24.635253Z  INFO herdr::server::headless: client resize client_id=2 cols=426 rows=122 cell_width_px=0 cell_height_px=0
2026-08-31T13:27:24.794725Z  INFO herdr::server::headless: client resize client_id=2 cols=213 rows=61 cell_width_px=0 cell_height_px=0
2026-08-31T13:52:03.871415Z  INFO herdr::server::headless: client resize client_id=2 cols=213 rows=62 cell_width_px=0 cell_height_px=0
2026-08-31T13:52:04.062695Z  INFO herdr::server::headless: client resize client_id=2 cols=213 rows=62 cell_width_px=0 cell_height_px=0
2026-08-31T13:58:49.721084Z  INFO herdr::logging: spawning pane terminal event="pane.spawn.start" subsystem="pane" outcome="started" pane_id=24 rows=61 cols=187 scrollback_limit_bytes=10000000
2026-08-31T13:58:49.743929Z  INFO herdr::logging: pane child spawned event="pane.spawned" subsystem="pane" outcome="ok" pane_id=24 pid=18343
2026-08-31T13:58:49.747045Z  INFO herdr::logging: workspace created event="workspace.create" subsystem="workspace" outcome="ok" workspace_id="wM" pane_id=24
2026-08-31T13:58:49.747272Z  INFO herdr::logging: workspace focused event="workspace.focus" subsystem="workspace" outcome="ok" workspace_id="wM"
2026-08-31T13:58:49.747327Z  INFO herdr::logging: tab focused event="tab.focus" subsystem="tab" outcome="ok" workspace_id="wM" tab_id="wM:t1"
2026-08-31T13:58:54.780732Z  INFO herdr::logging: session saved event="persist.save" subsystem="persist" outcome="ok" path=/Users/siwe001/.config/herdr/session.json workspaces=7
2026-08-31T14:02:03.576157Z  INFO herdr::logging: checking for updates event="update.check.start" subsystem="update" outcome="started"
2026-08-31T20:01:09.974970Z  INFO herdr::logging: checking for updates event="update.check.start" subsystem="update" outcome="started"
2026-09-01T06:38:35.522872Z  INFO herdr::logging: checking for updates event="update.check.start" subsystem="update" outcome="started"
2026-09-01T07:08:35.532683Z  INFO herdr::logging: checking for updates event="update.check.start" subsystem="update" outcome="started"
2026-09-01T07:42:34.701319Z  INFO herdr::logging: checking for updates event="update.check.start" subsystem="update" outcome="started"
2026-09-01T08:12:34.686255Z  INFO herdr::logging: checking for updates event="update.check.start" subsystem="update" outcome="started"
2026-09-01T08:58:39.264214Z  INFO herdr::logging: checking for updates event="update.check.start" subsystem="update" outcome="started"
2026-09-01T09:28:39.278966Z  INFO herdr::logging: checking for updates event="update.check.start" subsystem="update" outcome="started"
2026-09-01T10:57:57.226007Z  INFO herdr::server::headless: client resize client_id=2 cols=213 rows=61 cell_width_px=0 cell_height_px=0
2026-09-01T10:57:57.812306Z  INFO herdr::server::headless: client resize client_id=2 cols=213 rows=61 cell_width_px=0 cell_height_px=0
2026-09-01T10:57:58.177406Z  INFO herdr::server::headless: client resize client_id=2 cols=213 rows=61 cell_width_px=0 cell_height_px=0
2026-09-01T10:58:19.303091Z  INFO herdr::server::headless: client resize client_id=2 cols=213 rows=62 cell_width_px=0 cell_height_px=0
2026-09-01T11:05:07.758194Z  INFO herdr::logging: checking for updates event="update.check.start" subsystem="update" outcome="started"
2026-09-01T11:35:07.756049Z  INFO herdr::logging: checking for updates event="update.check.start" subsystem="update" outcome="started"
2026-09-01T12:05:07.752024Z  INFO herdr::logging: checking for updates event="update.check.start" subsystem="update" outcome="started"
2026-09-01T12:10:57.061015Z  INFO herdr::server::headless: client resize client_id=2 cols=213 rows=61 cell_width_px=0 cell_height_px=0
2026-09-01T12:10:57.680865Z  INFO herdr::server::headless: client resize client_id=2 cols=213 rows=61 cell_width_px=0 cell_height_px=0
2026-09-01T12:10:57.885365Z  INFO herdr::server::headless: client resize client_id=2 cols=213 rows=62 cell_width_px=0 cell_height_px=0
2026-09-01T12:10:58.212967Z  INFO herdr::server::headless: client resize client_id=2 cols=213 rows=62 cell_width_px=0 cell_height_px=0
2026-09-01T12:30:21.317122Z  INFO herdr::logging: spawning pane terminal event="pane.spawn.start" subsystem="pane" outcome="started" pane_id=25 rows=61 cols=187 scrollback_limit_bytes=10000000
2026-09-01T12:30:21.326507Z  INFO herdr::logging: pane child spawned event="pane.spawned" subsystem="pane" outcome="ok" pane_id=25 pid=51617
2026-09-01T12:30:21.328129Z  INFO herdr::logging: workspace created event="workspace.create" subsystem="workspace" outcome="ok" workspace_id="wN" pane_id=25
2026-09-01T12:30:21.328439Z  INFO herdr::logging: workspace focused event="workspace.focus" subsystem="workspace" outcome="ok" workspace_id="wN"
2026-09-01T12:30:21.328496Z  INFO herdr::logging: tab focused event="tab.focus" subsystem="tab" outcome="ok" workspace_id="wN" tab_id="wN:t1"
2026-09-01T12:30:26.341368Z  INFO herdr::logging: session saved event="persist.save" subsystem="persist" outcome="ok" path=/Users/siwe001/.config/herdr/session.json workspaces=8
2026-09-01T12:30:49.985656Z  INFO herdr::pane: agent changed pane=25 previous_agent=None agent=Some(Cursor) process=cursor pgid=Some(53193)
2026-09-01T12:30:58.995839Z  INFO herdr::logging: session saved event="persist.save" subsystem="persist" outcome="ok" path=/Users/siwe001/.config/herdr/session.json workspaces=8
2026-09-01T12:36:25.274323Z  INFO herdr::logging: checking for updates event="update.check.start" subsystem="update" outcome="started"
2026-09-01T13:06:25.286491Z  INFO herdr::logging: checking for updates event="update.check.start" subsystem="update" outcome="started"
2026-09-01T13:36:25.288595Z  INFO herdr::logging: checking for updates event="update.check.start" subsystem="update" outcome="started"
2026-09-01T14:06:25.297589Z  INFO herdr::logging: checking for updates event="update.check.start" subsystem="update" outcome="started"
2026-09-01T14:36:25.276063Z  INFO herdr::logging: checking for updates event="update.check.start" subsystem="update" outcome="started"
2026-09-01T15:06:25.301411Z  INFO herdr::logging: checking for updates event="update.check.start" subsystem="update" outcome="started"
2026-09-01T15:36:25.309990Z  INFO herdr::logging: checking for updates event="update.check.start" subsystem="update" outcome="started"
2026-09-01T16:06:25.289379Z  INFO herdr::logging: checking for updates event="update.check.start" subsystem="update" outcome="started"
2026-09-01T16:36:25.285339Z  INFO herdr::logging: checking for updates event="update.check.start" subsystem="update" outcome="started"
2026-09-01T17:06:25.236400Z  INFO herdr::logging: checking for updates event="update.check.start" subsystem="update" outcome="started"
2026-09-01T17:36:25.214151Z  INFO herdr::logging: checking for updates event="update.check.start" subsystem="update" outcome="started"
2026-09-01T18:06:25.227056Z  INFO herdr::logging: checking for updates event="update.check.start" subsystem="update" outcome="started"
2026-09-01T18:36:25.215316Z  INFO herdr::logging: checking for updates event="update.check.start" subsystem="update" outcome="started"
2026-09-01T19:06:25.296423Z  INFO herdr::logging: checking for updates event="update.check.start" subsystem="update" outcome="started"
2026-09-01T19:36:25.322634Z  INFO herdr::logging: checking for updates event="update.check.start" subsystem="update" outcome="started"
2026-09-01T20:06:25.251458Z  INFO herdr::logging: checking for updates event="update.check.start" subsystem="update" outcome="started"
2026-09-01T20:36:25.278697Z  INFO herdr::logging: checking for updates event="update.check.start" subsystem="update" outcome="started"
2026-09-01T21:06:25.292436Z  INFO herdr::logging: checking for updates event="update.check.start" subsystem="update" outcome="started"
2026-09-01T21:36:25.314994Z  INFO herdr::logging: checking for updates event="update.check.start" subsystem="update" outcome="started"
2026-09-01T22:06:25.318865Z  INFO herdr::logging: checking for updates event="update.check.start" subsystem="update" outcome="started"
2026-09-01T22:36:25.242185Z  INFO herdr::logging: checking for updates event="update.check.start" subsystem="update" outcome="started"
2026-09-01T23:06:25.249610Z  INFO herdr::logging: checking for updates event="update.check.start" subsystem="update" outcome="started"
2026-09-01T23:36:25.291915Z  INFO herdr::logging: checking for updates event="update.check.start" subsystem="update" outcome="started"
2026-09-02T00:06:25.278575Z  INFO herdr::logging: checking for updates event="update.check.start" subsystem="update" outcome="started"
2026-09-02T00:36:25.268603Z  INFO herdr::logging: checking for updates event="update.check.start" subsystem="update" outcome="started"
2026-09-02T01:06:25.257724Z  INFO herdr::logging: checking for updates event="update.check.start" subsystem="update" outcome="started"
2026-09-02T01:36:25.255316Z  INFO herdr::logging: checking for updates event="update.check.start" subsystem="update" outcome="started"
2026-09-02T02:06:25.239021Z  INFO herdr::logging: checking for updates event="update.check.start" subsystem="update" outcome="started"
2026-09-02T02:36:25.242861Z  INFO herdr::logging: checking for updates event="update.check.start" subsystem="update" outcome="started"
2026-09-02T03:06:25.244692Z  INFO herdr::logging: checking for updates event="update.check.start" subsystem="update" outcome="started"
2026-09-02T03:36:25.241599Z  INFO herdr::logging: checking for updates event="update.check.start" subsystem="update" outcome="started"
2026-09-02T04:06:25.285494Z  INFO herdr::logging: checking for updates event="update.check.start" subsystem="update" outcome="started"
2026-09-02T05:06:41.679379Z  INFO herdr::logging: checking for updates event="update.check.start" subsystem="update" outcome="started"
2026-09-02T07:27:44.604265Z  INFO herdr::server::headless: client resize client_id=2 cols=213 rows=61 cell_width_px=0 cell_height_px=0
2026-09-02T07:27:44.714620Z  INFO herdr::server::headless: client resize client_id=2 cols=213 rows=61 cell_width_px=0 cell_height_px=0
2026-09-02T07:28:17.926628Z  INFO herdr::server::headless: client resize client_id=2 cols=213 rows=62 cell_width_px=0 cell_height_px=0
2026-09-02T07:52:30.518368Z  INFO herdr::logging: checking for updates event="update.check.start" subsystem="update" outcome="started"
2026-09-02T08:22:30.635784Z  INFO herdr::logging: checking for updates event="update.check.start" subsystem="update" outcome="started"
2026-09-02T08:52:55.612324Z  INFO herdr::server::headless: client resize client_id=2 cols=213 rows=61 cell_width_px=0 cell_height_px=0
2026-09-02T08:52:57.439269Z  INFO herdr::server::headless: client resize client_id=2 cols=213 rows=61 cell_width_px=0 cell_height_px=0
2026-09-02T09:06:41.947221Z  INFO herdr::logging: checking for updates event="update.check.start" subsystem="update" outcome="started"
2026-09-02T09:24:47.837700Z  INFO herdr::server::headless: client resize client_id=2 cols=213 rows=62 cell_width_px=0 cell_height_px=0
2026-09-02T09:26:29.136572Z  INFO herdr::server::headless: client resize client_id=2 cols=213 rows=61 cell_width_px=0 cell_height_px=0
2026-09-02T09:26:29.970108Z  INFO herdr::server::headless: client resize client_id=2 cols=213 rows=61 cell_width_px=0 cell_height_px=0
2026-09-02T09:26:30.077207Z  INFO herdr::server::headless: client resize client_id=2 cols=213 rows=61 cell_width_px=0 cell_height_px=0
2026-09-02T09:30:14.198206Z  INFO herdr::server::headless: client resize client_id=2 cols=213 rows=61 cell_width_px=0 cell_height_px=0
2026-09-02T09:30:14.845872Z  INFO herdr::server::headless: client resize client_id=2 cols=213 rows=62 cell_width_px=0 cell_height_px=0
2026-09-02T09:38:24.576551Z  INFO herdr::logging: checking for updates event="update.check.start" subsystem="update" outcome="started"
2026-09-02T10:08:24.578957Z  INFO herdr::logging: checking for updates event="update.check.start" subsystem="update" outcome="started"
2026-09-02T10:38:24.482133Z  INFO herdr::logging: checking for updates event="update.check.start" subsystem="update" outcome="started"
2026-09-02T11:08:24.474948Z  INFO herdr::logging: checking for updates event="update.check.start" subsystem="update" outcome="started"
2026-09-02T11:38:24.485162Z  INFO herdr::logging: checking for updates event="update.check.start" subsystem="update" outcome="started"
2026-09-02T12:08:24.575211Z  INFO herdr::logging: checking for updates event="update.check.start" subsystem="update" outcome="started"
2026-09-02T12:26:46.689671Z  INFO herdr::server::headless: client resize client_id=2 cols=213 rows=61 cell_width_px=0 cell_height_px=0
2026-09-02T12:26:49.328480Z  INFO herdr::server::headless: client resize client_id=2 cols=426 rows=122 cell_width_px=0 cell_height_px=0
2026-09-02T12:26:49.509110Z  INFO herdr::server::headless: client resize client_id=2 cols=213 rows=61 cell_width_px=0 cell_height_px=0
2026-09-02T12:38:24.613107Z  INFO herdr::logging: checking for updates event="update.check.start" subsystem="update" outcome="started"
2026-09-02T13:08:24.571261Z  INFO herdr::logging: checking for updates event="update.check.start" subsystem="update" outcome="started"
2026-09-02T13:38:24.514802Z  INFO herdr::logging: checking for updates event="update.check.start" subsystem="update" outcome="started"
2026-09-02T13:43:41.011213Z  INFO herdr::server::headless: client resize client_id=2 cols=213 rows=61 cell_width_px=0 cell_height_px=0
2026-09-02T13:43:42.341043Z  INFO herdr::server::headless: client resize client_id=2 cols=213 rows=62 cell_width_px=0 cell_height_px=0
2026-09-02T13:43:43.802161Z  INFO herdr::server::headless: client resize client_id=2 cols=213 rows=62 cell_width_px=0 cell_height_px=0
2026-09-02T13:44:21.672023Z  INFO herdr::server::headless: client resize client_id=2 cols=213 rows=61 cell_width_px=0 cell_height_px=0
2026-09-02T13:44:22.578594Z  INFO herdr::server::headless: client resize client_id=2 cols=213 rows=61 cell_width_px=0 cell_height_px=0
2026-09-02T13:48:54.671988Z  INFO herdr::server::headless: client resize client_id=2 cols=213 rows=62 cell_width_px=0 cell_height_px=0
2026-09-02T14:11:47.664308Z  INFO herdr::logging: checking for updates event="update.check.start" subsystem="update" outcome="started"
2026-09-02T20:06:16.762968Z  INFO herdr::logging: checking for updates event="update.check.start" subsystem="update" outcome="started"
2026-09-03T06:33:51.793194Z  INFO herdr::logging: checking for updates event="update.check.start" subsystem="update" outcome="started"
2026-09-03T07:03:51.845963Z  INFO herdr::logging: checking for updates event="update.check.start" subsystem="update" outcome="started"
2026-09-03T07:18:56.398035Z  INFO herdr::pane: agent changed pane=25 previous_agent=Some(Cursor) agent=None pgid=Some(51617)
2026-09-03T07:19:01.118160Z  INFO herdr::logging: session saved event="persist.save" subsystem="persist" outcome="ok" path=/Users/siwe001/.config/herdr/session.json workspaces=8
2026-09-03T07:19:01.420869Z  INFO herdr::pane: agent changed pane=25 previous_agent=None agent=Some(Cursor) process=cursor pgid=Some(90519)
2026-09-03T07:19:11.140229Z  INFO herdr::logging: session saved event="persist.save" subsystem="persist" outcome="ok" path=/Users/siwe001/.config/herdr/session.json workspaces=8
2026-09-03T07:36:21.632223Z  INFO herdr::logging: checking for updates event="update.check.start" subsystem="update" outcome="started"
2026-09-03T08:06:21.636238Z  INFO herdr::logging: checking for updates event="update.check.start" subsystem="update" outcome="started"
2026-09-03T08:42:48.146846Z  INFO herdr::logging: checking for updates event="update.check.start" subsystem="update" outcome="started"
2026-09-03T09:12:48.170118Z  INFO herdr::logging: checking for updates event="update.check.start" subsystem="update" outcome="started"
2026-09-03T09:42:48.157092Z  INFO herdr::logging: checking for updates event="update.check.start" subsystem="update" outcome="started"
2026-09-03T10:42:17.834482Z  INFO herdr::server::headless: client resize client_id=2 cols=213 rows=61 cell_width_px=0 cell_height_px=0
2026-09-03T10:42:18.241583Z  INFO herdr::server::headless: client resize client_id=2 cols=213 rows=61 cell_width_px=0 cell_height_px=0
2026-09-03T10:42:18.462534Z  INFO herdr::server::headless: client resize client_id=2 cols=213 rows=61 cell_width_px=0 cell_height_px=0
2026-09-03T10:44:40.058498Z  INFO herdr::logging: checking for updates event="update.check.start" subsystem="update" outcome="started"
2026-09-03T10:53:53.101529Z  INFO herdr::server::headless: client resize client_id=2 cols=106 rows=30 cell_width_px=0 cell_height_px=0
2026-09-03T10:53:53.307786Z  INFO herdr::server::headless: client resize client_id=2 cols=213 rows=62 cell_width_px=0 cell_height_px=0
2026-09-03T11:22:26.985328Z  INFO herdr::logging: checking for updates event="update.check.start" subsystem="update" outcome="started"
2026-09-03T11:52:27.009980Z  INFO herdr::logging: checking for updates event="update.check.start" subsystem="update" outcome="started"
2026-09-03T12:22:27.016560Z  INFO herdr::logging: checking for updates event="update.check.start" subsystem="update" outcome="started"
2026-09-03T12:53:24.975799Z  INFO herdr::server::headless: client resize client_id=2 cols=213 rows=61 cell_width_px=0 cell_height_px=0
2026-09-03T12:53:25.319555Z  INFO herdr::server::headless: client resize client_id=2 cols=213 rows=61 cell_width_px=0 cell_height_px=0
2026-09-03T12:53:34.897890Z  INFO herdr::server::headless: client resize client_id=2 cols=213 rows=62 cell_width_px=0 cell_height_px=0
2026-09-03T12:53:35.306678Z  INFO herdr::server::headless: client resize client_id=2 cols=213 rows=62 cell_width_px=0 cell_height_px=0
2026-09-03T13:02:52.369534Z  INFO herdr::logging: checking for updates event="update.check.start" subsystem="update" outcome="started"
2026-09-03T13:32:52.354940Z  INFO herdr::logging: checking for updates event="update.check.start" subsystem="update" outcome="started"
2026-09-03T14:02:52.428251Z  INFO herdr::logging: checking for updates event="update.check.start" subsystem="update" outcome="started"
2026-09-03T14:32:52.445599Z  INFO herdr::logging: checking for updates event="update.check.start" subsystem="update" outcome="started"
2026-09-03T15:02:52.464759Z  INFO herdr::logging: checking for updates event="update.check.start" subsystem="update" outcome="started"
2026-09-03T15:32:52.455533Z  INFO herdr::logging: checking for updates event="update.check.start" subsystem="update" outcome="started"
2026-09-03T16:02:52.447603Z  INFO herdr::logging: checking for updates event="update.check.start" subsystem="update" outcome="started"
2026-09-03T16:32:52.449474Z  INFO herdr::logging: checking for updates event="update.check.start" subsystem="update" outcome="started"
2026-09-03T17:02:52.417788Z  INFO herdr::logging: checking for updates event="update.check.start" subsystem="update" outcome="started"
2026-09-03T17:32:52.409613Z  INFO herdr::logging: checking for updates event="update.check.start" subsystem="update" outcome="started"
2026-09-03T18:02:52.433062Z  INFO herdr::logging: checking for updates event="update.check.start" subsystem="update" outcome="started"
2026-09-03T18:32:52.441178Z  INFO herdr::logging: checking for updates event="update.check.start" subsystem="update" outcome="started"
2026-09-03T19:02:52.441648Z  INFO herdr::logging: checking for updates event="update.check.start" subsystem="update" outcome="started"
2026-09-03T19:32:52.444589Z  INFO herdr::logging: checking for updates event="update.check.start" subsystem="update" outcome="started"
2026-09-03T20:02:52.446199Z  INFO herdr::logging: checking for updates event="update.check.start" subsystem="update" outcome="started"
2026-09-03T20:32:52.442784Z  INFO herdr::logging: checking for updates event="update.check.start" subsystem="update" outcome="started"
2026-09-03T21:02:52.443926Z  INFO herdr::logging: checking for updates event="update.check.start" subsystem="update" outcome="started"
2026-09-03T21:32:52.408046Z  INFO herdr::logging: checking for updates event="update.check.start" subsystem="update" outcome="started"
2026-09-03T22:02:52.399916Z  INFO herdr::logging: checking for updates event="update.check.start" subsystem="update" outcome="started"
2026-09-03T22:32:52.424497Z  INFO herdr::logging: checking for updates event="update.check.start" subsystem="update" outcome="started"
2026-09-03T23:02:52.392450Z  INFO herdr::logging: checking for updates event="update.check.start" subsystem="update" outcome="started"
2026-09-03T23:32:52.379413Z  INFO herdr::logging: checking for updates event="update.check.start" subsystem="update" outcome="started"
2026-09-04T00:02:52.417702Z  INFO herdr::logging: checking for updates event="update.check.start" subsystem="update" outcome="started"
2026-09-04T00:32:52.424537Z  INFO herdr::logging: checking for updates event="update.check.start" subsystem="update" outcome="started"
2026-09-04T01:02:52.387223Z  INFO herdr::logging: checking for updates event="update.check.start" subsystem="update" outcome="started"
2026-09-04T01:32:52.414565Z  INFO herdr::logging: checking for updates event="update.check.start" subsystem="update" outcome="started"
2026-09-04T02:02:52.421193Z  INFO herdr::logging: checking for updates event="update.check.start" subsystem="update" outcome="started"
2026-09-04T02:32:52.421283Z  INFO herdr::logging: checking for updates event="update.check.start" subsystem="update" outcome="started"
2026-09-04T03:02:52.398866Z  INFO herdr::logging: checking for updates event="update.check.start" subsystem="update" outcome="started"
2026-09-04T03:32:52.408777Z  INFO herdr::logging: checking for updates event="update.check.start" subsystem="update" outcome="started"
2026-09-04T04:02:52.410291Z  INFO herdr::logging: checking for updates event="update.check.start" subsystem="update" outcome="started"
2026-09-04T04:32:52.354113Z  INFO herdr::logging: checking for updates event="update.check.start" subsystem="update" outcome="started"
2026-09-04T06:34:09.904616Z  INFO herdr::logging: checking for updates event="update.check.start" subsystem="update" outcome="started"
2026-09-04T07:40:11.672702Z  INFO herdr::server::headless: client resize client_id=2 cols=213 rows=61 cell_width_px=0 cell_height_px=0
2026-09-04T07:40:12.446531Z  INFO herdr::server::headless: client resize client_id=2 cols=213 rows=61 cell_width_px=0 cell_height_px=0
2026-09-04T07:40:12.809111Z  INFO herdr::server::headless: client resize client_id=2 cols=213 rows=62 cell_width_px=0 cell_height_px=0
2026-09-04T07:40:13.115460Z  INFO herdr::server::headless: client resize client_id=2 cols=213 rows=62 cell_width_px=0 cell_height_px=0
2026-09-04T08:04:38.355779Z  INFO herdr::logging: checking for updates event="update.check.start" subsystem="update" outcome="started"
2026-09-04T08:34:38.452007Z  INFO herdr::logging: checking for updates event="update.check.start" subsystem="update" outcome="started"
2026-09-04T09:04:38.483632Z  INFO herdr::logging: checking for updates event="update.check.start" subsystem="update" outcome="started"
2026-09-04T09:34:38.446294Z  INFO herdr::logging: checking for updates event="update.check.start" subsystem="update" outcome="started"
2026-09-04T10:04:38.477229Z  INFO herdr::logging: checking for updates event="update.check.start" subsystem="update" outcome="started"
2026-09-04T10:34:38.467703Z  INFO herdr::logging: checking for updates event="update.check.start" subsystem="update" outcome="started"
2026-09-04T11:04:38.458783Z  INFO herdr::logging: checking for updates event="update.check.start" subsystem="update" outcome="started"
2026-09-04T11:05:10.904449Z  INFO herdr::server::headless: client resize client_id=2 cols=213 rows=61 cell_width_px=0 cell_height_px=0
2026-09-04T11:05:12.707791Z  INFO herdr::server::headless: client resize client_id=2 cols=213 rows=61 cell_width_px=0 cell_height_px=0
2026-09-04T11:05:26.238118Z  INFO herdr::server::headless: client resize client_id=2 cols=213 rows=61 cell_width_px=0 cell_height_px=0
2026-09-04T11:05:29.457117Z  INFO herdr::server::headless: client resize client_id=2 cols=213 rows=62 cell_width_px=0 cell_height_px=0
2026-09-04T11:34:38.477188Z  INFO herdr::logging: checking for updates event="update.check.start" subsystem="update" outcome="started"
2026-09-04T12:04:38.484835Z  INFO herdr::logging: checking for updates event="update.check.start" subsystem="update" outcome="started"
2026-09-04T12:34:38.479971Z  INFO herdr::logging: checking for updates event="update.check.start" subsystem="update" outcome="started"
2026-09-04T13:04:38.498189Z  INFO herdr::logging: checking for updates event="update.check.start" subsystem="update" outcome="started"
2026-09-04T13:20:56.122159Z  INFO herdr::server::headless: client resize client_id=2 cols=213 rows=61 cell_width_px=0 cell_height_px=0
2026-09-04T13:20:56.396408Z  INFO herdr::server::headless: client resize client_id=2 cols=213 rows=61 cell_width_px=0 cell_height_px=0
2026-09-04T13:20:56.602361Z  INFO herdr::server::headless: client resize client_id=2 cols=213 rows=61 cell_width_px=0 cell_height_px=0
2026-09-04T13:20:56.754426Z  INFO herdr::server::headless: client resize client_id=2 cols=213 rows=62 cell_width_px=0 cell_height_px=0
2026-09-04T13:42:31.058731Z  INFO herdr::logging: checking for updates event="update.check.start" subsystem="update" outcome="started"
2026-09-05T05:45:13.068430Z  INFO herdr::logging: checking for updates event="update.check.start" subsystem="update" outcome="started"
2026-09-05T06:00:32.173313Z  WARN herdr::detect::manifest_update: agent detection manifest update failed: failed to fetch https://herdr.dev/agent-detection/index.toml
2026-09-05T22:30:28.534036Z  INFO herdr::logging: checking for updates event="update.check.start" subsystem="update" outcome="started"
2026-09-05T22:45:47.802620Z  WARN herdr::detect::manifest_update: agent detection manifest update failed: failed to fetch https://herdr.dev/agent-detection/index.toml
2026-09-06T17:58:28.679621Z  INFO herdr::logging: checking for updates event="update.check.start" subsystem="update" outcome="started"
2026-09-06T18:13:46.359843Z  WARN herdr::detect::manifest_update: agent detection manifest update failed: failed to fetch https://herdr.dev/agent-detection/index.toml
2026-09-07T06:58:55.827093Z  WARN herdr::logging: update check failed event="update.check.complete" subsystem="update" outcome="error" err="curl failed: Resource temporarily unavailable (os error 35)"
2026-09-07T06:58:55.902172Z  WARN herdr::logging: update check failed event="update.check.complete" subsystem="update" outcome="error" err="curl failed: Resource temporarily unavailable (os error 35)"
2026-09-07T07:12:14.895128Z  INFO herdr::logging: checking for updates event="update.check.start" subsystem="update" outcome="started"
2026-09-07T07:17:01.448766Z  INFO herdr::server::headless: client resize client_id=2 cols=213 rows=64 cell_width_px=0 cell_height_px=0
2026-09-07T07:17:02.227335Z  INFO herdr::server::headless: client detached client_id=2
2026-09-07T07:17:02.249213Z  INFO herdr::server::headless: client disconnected client_id=2
2026-09-07T07:41:52.633451Z  INFO herdr::platform::macos: raised server file descriptor soft limit previous=256 target=8192
2026-09-07T07:41:52.635860Z  INFO herdr::api::server: api server listening path=/Users/siwe001/.config/herdr/herdr.sock
2026-09-07T07:41:52.639954Z  INFO herdr::logging: spawning pane terminal event="pane.spawn.start" subsystem="pane" outcome="started" pane_id=1 rows=24 cols=80 scrollback_limit_bytes=10000000
2026-09-07T07:41:52.647471Z  INFO herdr::logging: pane child spawned event="pane.spawned" subsystem="pane" outcome="ok" pane_id=1 pid=2369
2026-09-07T07:41:52.648223Z  INFO herdr::logging: spawning pane terminal event="pane.spawn.start" subsystem="pane" outcome="started" pane_id=2 rows=24 cols=80 scrollback_limit_bytes=10000000
2026-09-07T07:41:52.653459Z  INFO herdr::logging: pane child spawned event="pane.spawned" subsystem="pane" outcome="ok" pane_id=2 pid=2370
2026-09-07T07:41:52.658575Z  INFO herdr::logging: spawning pane terminal event="pane.spawn.start" subsystem="pane" outcome="started" pane_id=4 rows=24 cols=80 scrollback_limit_bytes=10000000
2026-09-07T07:41:52.662374Z  INFO herdr::logging: pane child spawned event="pane.spawned" subsystem="pane" outcome="ok" pane_id=4 pid=2371
2026-09-07T07:41:52.670470Z  INFO herdr::logging: spawning pane terminal event="pane.spawn.start" subsystem="pane" outcome="started" pane_id=5 rows=24 cols=80 scrollback_limit_bytes=10000000
2026-09-07T07:41:52.674884Z  INFO herdr::logging: pane child spawned event="pane.spawned" subsystem="pane" outcome="ok" pane_id=5 pid=2374
2026-09-07T07:41:52.677825Z  INFO herdr::logging: spawning pane terminal event="pane.spawn.start" subsystem="pane" outcome="started" pane_id=7 rows=24 cols=80 scrollback_limit_bytes=10000000
2026-09-07T07:41:52.681354Z  INFO herdr::logging: pane child spawned event="pane.spawned" subsystem="pane" outcome="ok" pane_id=7 pid=2377
2026-09-07T07:41:52.681554Z  INFO herdr::logging: spawning pane terminal event="pane.spawn.start" subsystem="pane" outcome="started" pane_id=8 rows=24 cols=80 scrollback_limit_bytes=10000000
2026-09-07T07:41:52.685654Z  INFO herdr::logging: pane child spawned event="pane.spawned" subsystem="pane" outcome="ok" pane_id=8 pid=2380
2026-09-07T07:41:52.685919Z  INFO herdr::logging: spawning pane terminal event="pane.spawn.start" subsystem="pane" outcome="started" pane_id=10 rows=24 cols=80 scrollback_limit_bytes=10000000
2026-09-07T07:41:52.689806Z  INFO herdr::logging: pane child spawned event="pane.spawned" subsystem="pane" outcome="ok" pane_id=10 pid=2385
2026-09-07T07:41:52.692503Z  INFO herdr::logging: spawning pane terminal event="pane.spawn.start" subsystem="pane" outcome="started" pane_id=11 rows=24 cols=80 scrollback_limit_bytes=10000000
2026-09-07T07:41:52.696007Z  INFO herdr::logging: pane child spawned event="pane.spawned" subsystem="pane" outcome="ok" pane_id=11 pid=2387
2026-09-07T07:41:52.696168Z  INFO herdr::logging: spawning pane terminal event="pane.spawn.start" subsystem="pane" outcome="started" pane_id=13 rows=24 cols=80 scrollback_limit_bytes=10000000
2026-09-07T07:41:52.700351Z  INFO herdr::logging: pane child spawned event="pane.spawned" subsystem="pane" outcome="ok" pane_id=13 pid=2391
2026-09-07T07:41:52.706863Z  INFO herdr::logging: spawning pane terminal event="pane.spawn.start" subsystem="pane" outcome="started" pane_id=15 rows=24 cols=80 scrollback_limit_bytes=10000000
2026-09-07T07:41:52.710919Z  INFO herdr::logging: pane child spawned event="pane.spawned" subsystem="pane" outcome="ok" pane_id=15 pid=2403
2026-09-07T07:41:52.715779Z  INFO herdr::logging: session restore evaluated event="persist.restore" subsystem="persist" outcome="ok" workspaces=8
2026-09-07T07:41:52.715827Z  INFO herdr::app: using pane scrollback configuration pane_scrollback_limit_bytes=10000000
2026-09-07T07:41:52.781731Z  INFO herdr::logging: checking for updates event="update.check.start" subsystem="update" outcome="started"
2026-09-07T07:41:52.811764Z  INFO herdr::server::headless: restored session already has workspaces; ignoring startup cwd cwd=/Users/siwe001
2026-09-07T07:41:52.812246Z  INFO herdr::server::headless: client protocol socket listening path=/Users/siwe001/.config/herdr/herdr-client.sock
2026-09-07T07:41:52.812285Z  INFO herdr::server::headless: herdr server started api_socket=/Users/siwe001/.config/herdr/herdr.sock client_socket=/Users/siwe001/.config/herdr/herdr-client.sock
2026-09-07T07:41:52.812358Z  INFO herdr::logging: herdr starting event="app.startup" subsystem="server" outcome="started" pid=2368
2026-09-07T07:41:52.837641Z  INFO herdr::server::headless: client connected client_id=2 cols=213 rows=64 cell_width_px=0 cell_height_px=0 render_encoding=SemanticFrame
2026-09-07T07:41:52.842102Z  INFO herdr::logging: spawning pane terminal event="pane.spawn.start" subsystem="pane" outcome="started" pane_id=3 rows=63 cols=186 scrollback_limit_bytes=10000000
2026-09-07T07:41:52.850392Z  INFO herdr::logging: pane child spawned event="pane.spawned" subsystem="pane" outcome="ok" pane_id=3 pid=2540
2026-09-07T07:41:52.850579Z  INFO herdr::logging: spawning pane terminal event="pane.spawn.start" subsystem="pane" outcome="started" pane_id=6 rows=63 cols=186 scrollback_limit_bytes=10000000
2026-09-07T07:41:52.856171Z  INFO herdr::logging: pane child spawned event="pane.spawned" subsystem="pane" outcome="ok" pane_id=6 pid=2542
2026-09-07T07:41:52.856375Z  INFO herdr::logging: spawning pane terminal event="pane.spawn.start" subsystem="pane" outcome="started" pane_id=9 rows=63 cols=186 scrollback_limit_bytes=10000000
2026-09-07T07:41:52.863720Z  INFO herdr::logging: pane child spawned event="pane.spawned" subsystem="pane" outcome="ok" pane_id=9 pid=2554
2026-09-07T07:41:52.863934Z  INFO herdr::logging: spawning pane terminal event="pane.spawn.start" subsystem="pane" outcome="started" pane_id=12 rows=63 cols=186 scrollback_limit_bytes=10000000
2026-09-07T07:41:52.869387Z  INFO herdr::logging: pane child spawned event="pane.spawned" subsystem="pane" outcome="ok" pane_id=12 pid=2557
2026-09-07T07:41:52.869583Z  INFO herdr::logging: spawning pane terminal event="pane.spawn.start" subsystem="pane" outcome="started" pane_id=14 rows=63 cols=186 scrollback_limit_bytes=10000000
2026-09-07T07:41:52.877675Z  INFO herdr::logging: pane child spawned event="pane.spawned" subsystem="pane" outcome="ok" pane_id=14 pid=2559
2026-09-07T07:41:52.877977Z  INFO herdr::logging: spawning pane terminal event="pane.spawn.start" subsystem="pane" outcome="started" pane_id=16 rows=63 cols=187 scrollback_limit_bytes=10000000
2026-09-07T07:41:52.885423Z  INFO herdr::logging: pane child spawned event="pane.spawned" subsystem="pane" outcome="ok" pane_id=16 pid=2562
2026-09-07T07:41:54.198427Z  INFO herdr::server::headless: client resize client_id=2 cols=213 rows=62 cell_width_px=0 cell_height_px=0
2026-09-07T07:41:57.888164Z  INFO herdr::logging: session saved event="persist.save" subsystem="persist" outcome="ok" path=/Users/siwe001/.config/herdr/session.json workspaces=8
2026-09-07T07:41:59.932059Z  INFO herdr::pane: agent changed pane=6 previous_agent=None agent=Some(Cursor) process=cursor pgid=Some(10789)
2026-09-07T07:41:59.947141Z  INFO herdr::pane: agent changed pane=9 previous_agent=None agent=Some(Cursor) process=cursor pgid=Some(10766)
2026-09-07T07:41:59.947141Z  INFO herdr::pane: agent changed pane=12 previous_agent=None agent=Some(Cursor) process=cursor pgid=Some(10795)
2026-09-07T07:42:00.432791Z  INFO herdr::pane: agent changed pane=3 previous_agent=None agent=Some(Cursor) process=cursor-agent pgid=Some(10813)
2026-09-07T07:42:00.459082Z  INFO herdr::pane: agent changed pane=14 previous_agent=None agent=Some(Cursor) process=cursor-agent pgid=Some(10827)
2026-09-07T07:42:00.465303Z  INFO herdr::pane: agent changed pane=16 previous_agent=None agent=Some(Cursor) process=cursor-agent pgid=Some(10820)
2026-09-07T08:11:52.685774Z  INFO herdr::logging: checking for updates event="update.check.start" subsystem="update" outcome="started"
2026-09-07T08:41:53.231181Z  INFO herdr::logging: checking for updates event="update.check.start" subsystem="update" outcome="started"
2026-09-07T09:24:43.566895Z  INFO herdr::server::headless: client resize client_id=2 cols=213 rows=61 cell_width_px=0 cell_height_px=0
2026-09-07T09:24:43.666815Z  INFO herdr::server::headless: client resize client_id=2 cols=213 rows=61 cell_width_px=0 cell_height_px=0
2026-09-07T09:26:06.779834Z  INFO herdr::server::headless: client resize client_id=2 cols=213 rows=62 cell_width_px=0 cell_height_px=0
2026-09-07T09:35:36.445195Z  INFO herdr::logging: checking for updates event="update.check.start" subsystem="update" outcome="started"
2026-09-07T10:05:36.533435Z  INFO herdr::logging: checking for updates event="update.check.start" subsystem="update" outcome="started"
2026-09-07T10:35:36.510477Z  INFO herdr::logging: checking for updates event="update.check.start" subsystem="update" outcome="started"
2026-09-07T11:05:36.503348Z  INFO herdr::logging: checking for updates event="update.check.start" subsystem="update" outcome="started"
2026-09-07T11:35:36.545162Z  INFO herdr::logging: checking for updates event="update.check.start" subsystem="update" outcome="started"
2026-09-07T12:05:36.459057Z  INFO herdr::logging: checking for updates event="update.check.start" subsystem="update" outcome="started"
2026-09-07T12:35:36.436918Z  INFO herdr::logging: checking for updates event="update.check.start" subsystem="update" outcome="started"
2026-09-07T13:05:36.528009Z  INFO herdr::logging: checking for updates event="update.check.start" subsystem="update" outcome="started"
2026-09-07T13:35:36.542263Z  INFO herdr::logging: checking for updates event="update.check.start" subsystem="update" outcome="started"
2026-09-07T14:05:36.471734Z  INFO herdr::logging: checking for updates event="update.check.start" subsystem="update" outcome="started"
2026-09-07T16:11:18.853461Z  INFO herdr::logging: checking for updates event="update.check.start" subsystem="update" outcome="started"
2026-09-07T22:07:27.541758Z  INFO herdr::logging: checking for updates event="update.check.start" subsystem="update" outcome="started"
2026-09-07T22:07:27.803696Z  WARN herdr::detect::manifest_update: skipping unknown remote manifest agent agent="muse"
2026-09-07T22:07:27.804441Z  INFO herdr::logging: update available event="update.available" subsystem="update" outcome="ok" version="0.9.0"
2026-09-07T22:07:27.804534Z  INFO herdr::update: new stable build available at https://github.com/herdrdev/herdr/releases/download/v0.9.0/herdr-macos-aarch64
2026-09-07T22:07:27.810271Z  INFO herdr::update: auto-update check: 0.9.0 available, waiting for explicit install
2026-09-08T06:21:20.276480Z  WARN herdr::detect::manifest_update: skipping unknown remote manifest agent agent="muse"
2026-09-08T06:52:28.746039Z  WARN herdr::detect::manifest_update: skipping unknown remote manifest agent agent="muse"
2026-09-08T07:22:28.801080Z  WARN herdr::detect::manifest_update: skipping unknown remote manifest agent agent="muse"
2026-09-08T07:59:12.257804Z  WARN herdr::detect::manifest_update: skipping unknown remote manifest agent agent="muse"
2026-09-08T08:29:12.311635Z  WARN herdr::detect::manifest_update: skipping unknown remote manifest agent agent="muse"
2026-09-08T08:59:12.326653Z  WARN herdr::detect::manifest_update: skipping unknown remote manifest agent agent="muse"
2026-09-08T09:29:12.266568Z  WARN herdr::detect::manifest_update: skipping unknown remote manifest agent agent="muse"
2026-09-08T09:47:28.186036Z  INFO herdr::server::headless: client resize client_id=2 cols=213 rows=61 cell_width_px=0 cell_height_px=0
2026-09-08T09:47:28.314275Z  INFO herdr::server::headless: client resize client_id=2 cols=213 rows=61 cell_width_px=0 cell_height_px=0
2026-09-08T09:47:28.449032Z  INFO herdr::server::headless: client resize client_id=2 cols=213 rows=61 cell_width_px=0 cell_height_px=0
2026-09-08T10:50:55.036834Z  INFO herdr::server::headless: client resize client_id=2 cols=213 rows=62 cell_width_px=0 cell_height_px=0
2026-09-08T10:50:55.171580Z  INFO herdr::server::headless: client resize client_id=2 cols=213 rows=62 cell_width_px=0 cell_height_px=0
2026-09-08T11:13:23.794742Z  WARN herdr::detect::manifest_update: skipping unknown remote manifest agent agent="muse"
2026-09-08T11:43:23.668650Z  WARN herdr::detect::manifest_update: skipping unknown remote manifest agent agent="muse"
2026-09-08T12:13:23.768835Z  WARN herdr::detect::manifest_update: skipping unknown remote manifest agent agent="muse"
2026-09-08T12:43:23.788137Z  WARN herdr::detect::manifest_update: skipping unknown remote manifest agent agent="muse"
2026-09-08T13:13:24.629860Z  WARN herdr::detect::manifest_update: skipping unknown remote manifest agent agent="muse"
2026-09-08T13:43:23.047223Z  WARN herdr::detect::manifest_update: skipping unknown remote manifest agent agent="muse"
2026-09-08T14:13:30.251699Z  WARN herdr::detect::manifest_update: skipping unknown remote manifest agent agent="muse"
2026-09-08T14:43:23.358335Z  WARN herdr::detect::manifest_update: skipping unknown remote manifest agent agent="muse"
2026-09-08T14:58:49.193066Z  INFO herdr::server::headless: client resize client_id=2 cols=213 rows=61 cell_width_px=0 cell_height_px=0
2026-09-08T14:58:49.305141Z  INFO herdr::server::headless: client resize client_id=2 cols=213 rows=61 cell_width_px=0 cell_height_px=0
2026-09-08T14:58:50.415731Z  INFO herdr::server::headless: client resize client_id=2 cols=213 rows=61 cell_width_px=0 cell_height_px=0
2026-09-08T14:58:50.673887Z  INFO herdr::server::headless: client resize client_id=2 cols=213 rows=62 cell_width_px=0 cell_height_px=0
2026-09-08T17:19:05.327898Z  WARN herdr::detect::manifest_update: skipping unknown remote manifest agent agent="muse"
2026-09-08T18:57:53.104436Z  WARN herdr::detect::manifest_update: skipping unknown remote manifest agent agent="muse"
2026-09-08T20:02:19.859071Z  WARN herdr::detect::manifest_update: skipping unknown remote manifest agent agent="muse"
2026-09-08T20:38:53.666560Z  WARN herdr::detect::manifest_update: skipping unknown remote manifest agent agent="muse"
2026-09-09T01:02:39.683153Z  WARN herdr::detect::manifest_update: skipping unknown remote manifest agent agent="muse"
2026-09-09T06:22:53.700601Z  INFO herdr::server::headless: client resize client_id=2 cols=213 rows=61 cell_width_px=0 cell_height_px=0
2026-09-09T06:22:54.037886Z  INFO herdr::server::headless: client resize client_id=2 cols=213 rows=61 cell_width_px=0 cell_height_px=0
2026-09-09T06:22:54.038029Z  INFO herdr::server::headless: client resize client_id=2 cols=213 rows=61 cell_width_px=0 cell_height_px=0
2026-09-09T06:22:57.911851Z  INFO herdr::server::headless: client resize client_id=2 cols=213 rows=62 cell_width_px=0 cell_height_px=0
2026-09-09T06:36:22.984609Z  WARN herdr::detect::manifest_update: skipping unknown remote manifest agent agent="muse"
2026-09-09T07:06:23.231567Z  WARN herdr::detect::manifest_update: skipping unknown remote manifest agent agent="muse"
2026-09-09T07:36:23.218590Z  WARN herdr::detect::manifest_update: skipping unknown remote manifest agent agent="muse"
2026-09-09T08:06:23.913482Z  WARN herdr::detect::manifest_update: skipping unknown remote manifest agent agent="muse"
2026-09-09T08:36:22.798329Z  WARN herdr::detect::manifest_update: skipping unknown remote manifest agent agent="muse"
2026-09-09T09:06:23.691365Z  WARN herdr::detect::manifest_update: skipping unknown remote manifest agent agent="muse"
2026-09-09T09:36:22.898971Z  WARN herdr::detect::manifest_update: skipping unknown remote manifest agent agent="muse"
2026-09-09T10:06:22.895416Z  WARN herdr::detect::manifest_update: skipping unknown remote manifest agent agent="muse"
2026-09-09T10:36:23.536582Z  WARN herdr::detect::manifest_update: skipping unknown remote manifest agent agent="muse"
2026-09-09T11:06:22.861781Z  WARN herdr::detect::manifest_update: skipping unknown remote manifest agent agent="muse"
2026-09-09T11:36:22.857097Z  WARN herdr::detect::manifest_update: skipping unknown remote manifest agent agent="muse"
2026-09-09T12:06:23.790177Z  WARN herdr::detect::manifest_update: skipping unknown remote manifest agent agent="muse"
2026-09-09T12:36:22.869566Z  WARN herdr::detect::manifest_update: skipping unknown remote manifest agent agent="muse"
2026-09-09T13:06:47.722183Z  WARN herdr::detect::manifest_update: skipping unknown remote manifest agent agent="muse"
2026-09-09T13:36:47.774372Z  WARN herdr::detect::manifest_update: skipping unknown remote manifest agent agent="muse"
2026-09-09T14:06:47.811640Z  WARN herdr::detect::manifest_update: skipping unknown remote manifest agent agent="muse"
2026-09-09T14:46:34.783087Z  WARN herdr::detect::manifest_update: skipping unknown remote manifest agent agent="muse"
2026-09-09T15:16:34.732822Z  WARN herdr::detect::manifest_update: skipping unknown remote manifest agent agent="muse"
2026-09-09T15:25:39.860208Z  INFO herdr::server::headless: client resize client_id=2 cols=213 rows=61 cell_width_px=0 cell_height_px=0
2026-09-09T15:25:41.491027Z  INFO herdr::server::headless: client resize client_id=2 cols=213 rows=61 cell_width_px=0 cell_height_px=0
2026-09-09T20:35:16.091670Z  WARN herdr::detect::manifest_update: skipping unknown remote manifest agent agent="muse"
2026-09-10T05:31:31.260675Z  WARN herdr::detect::manifest_update: skipping unknown remote manifest agent agent="muse"
2026-09-10T06:16:48.925126Z  INFO herdr::server::headless: client resize client_id=2 cols=213 rows=62 cell_width_px=0 cell_height_px=0
2026-09-10T06:45:49.528047Z  WARN herdr::detect::manifest_update: skipping unknown remote manifest agent agent="muse"
2026-09-10T07:18:34.863601Z  WARN herdr::detect::manifest_update: skipping unknown remote manifest agent agent="muse"
2026-09-10T07:48:35.456580Z  WARN herdr::detect::manifest_update: skipping unknown remote manifest agent agent="muse"
2026-09-10T08:18:35.629316Z  WARN herdr::detect::manifest_update: skipping unknown remote manifest agent agent="muse"
2026-09-10T08:48:35.229154Z  WARN herdr::detect::manifest_update: skipping unknown remote manifest agent agent="muse"
2026-09-10T09:18:34.918365Z  WARN herdr::detect::manifest_update: skipping unknown remote manifest agent agent="muse"
2026-09-10T09:48:35.455997Z  WARN herdr::detect::manifest_update: skipping unknown remote manifest agent agent="muse"
2026-09-10T10:18:35.565737Z  WARN herdr::detect::manifest_update: skipping unknown remote manifest agent agent="muse"
2026-09-10T10:48:35.025094Z  WARN herdr::detect::manifest_update: skipping unknown remote manifest agent agent="muse"
2026-09-10T11:18:35.292319Z  WARN herdr::detect::manifest_update: skipping unknown remote manifest agent agent="muse"
2026-09-10T11:48:35.542273Z  WARN herdr::detect::manifest_update: skipping unknown remote manifest agent agent="muse"
2026-09-10T12:18:34.945097Z  WARN herdr::detect::manifest_update: skipping unknown remote manifest agent agent="muse"
2026-09-10T12:48:36.317073Z  WARN herdr::detect::manifest_update: skipping unknown remote manifest agent agent="muse"
2026-09-10T13:18:35.846843Z  WARN herdr::detect::manifest_update: skipping unknown remote manifest agent agent="muse"
2026-09-10T13:48:34.873020Z  WARN herdr::detect::manifest_update: skipping unknown remote manifest agent agent="muse"
2026-09-10T14:18:35.124068Z  WARN herdr::detect::manifest_update: skipping unknown remote manifest agent agent="muse"
2026-09-10T14:48:34.824859Z  WARN herdr::detect::manifest_update: skipping unknown remote manifest agent agent="muse"
2026-09-10T15:18:35.695108Z  WARN herdr::detect::manifest_update: skipping unknown remote manifest agent agent="muse"
2026-09-10T15:48:34.939820Z  WARN herdr::detect::manifest_update: skipping unknown remote manifest agent agent="muse"
2026-09-10T16:18:34.847280Z  WARN herdr::detect::manifest_update: skipping unknown remote manifest agent agent="muse"
2026-09-10T16:48:35.234491Z  WARN herdr::detect::manifest_update: skipping unknown remote manifest agent agent="muse"
2026-09-10T17:18:34.914846Z  WARN herdr::detect::manifest_update: skipping unknown remote manifest agent agent="muse"
2026-09-10T17:48:35.166698Z  WARN herdr::detect::manifest_update: skipping unknown remote manifest agent agent="muse"
2026-09-10T18:18:34.957854Z  WARN herdr::detect::manifest_update: skipping unknown remote manifest agent agent="muse"
2026-09-10T18:48:35.105158Z  WARN herdr::detect::manifest_update: skipping unknown remote manifest agent agent="muse"
2026-09-10T19:18:35.429524Z  WARN herdr::detect::manifest_update: skipping unknown remote manifest agent agent="muse"
2026-09-10T19:48:34.899355Z  WARN herdr::detect::manifest_update: skipping unknown remote manifest agent agent="muse"
2026-09-10T20:18:34.831902Z  WARN herdr::detect::manifest_update: skipping unknown remote manifest agent agent="muse"
2026-09-10T20:48:34.866327Z  WARN herdr::detect::manifest_update: skipping unknown remote manifest agent agent="muse"
2026-09-10T21:18:34.863071Z  WARN herdr::detect::manifest_update: skipping unknown remote manifest agent agent="muse"
2026-09-10T21:48:35.089790Z  WARN herdr::detect::manifest_update: skipping unknown remote manifest agent agent="muse"
2026-09-10T22:18:34.859080Z  WARN herdr::detect::manifest_update: skipping unknown remote manifest agent agent="muse"
2026-09-10T22:48:35.734164Z  WARN herdr::detect::manifest_update: skipping unknown remote manifest agent agent="muse"
2026-09-10T23:18:35.384511Z  WARN herdr::detect::manifest_update: skipping unknown remote manifest agent agent="muse"
2026-09-10T23:48:34.880204Z  WARN herdr::detect::manifest_update: skipping unknown remote manifest agent agent="muse"
2026-09-11T00:18:34.820329Z  WARN herdr::detect::manifest_update: skipping unknown remote manifest agent agent="muse"
2026-09-11T00:48:34.885518Z  WARN herdr::detect::manifest_update: skipping unknown remote manifest agent agent="muse"
2026-09-11T01:18:35.373030Z  WARN herdr::detect::manifest_update: skipping unknown remote manifest agent agent="muse"
2026-09-11T01:48:34.836090Z  WARN herdr::detect::manifest_update: skipping unknown remote manifest agent agent="muse"
2026-09-11T02:18:34.891862Z  WARN herdr::detect::manifest_update: skipping unknown remote manifest agent agent="muse"
2026-09-11T02:48:34.922181Z  WARN herdr::detect::manifest_update: skipping unknown remote manifest agent agent="muse"
2026-09-11T03:18:35.601061Z  WARN herdr::detect::manifest_update: skipping unknown remote manifest agent agent="muse"
2026-09-11T03:48:34.946907Z  WARN herdr::detect::manifest_update: skipping unknown remote manifest agent agent="muse"
2026-09-11T04:18:34.894284Z  WARN herdr::detect::manifest_update: skipping unknown remote manifest agent agent="muse"
2026-09-11T04:48:34.907195Z  WARN herdr::detect::manifest_update: skipping unknown remote manifest agent agent="muse"
2026-09-11T05:18:35.001645Z  WARN herdr::detect::manifest_update: skipping unknown remote manifest agent agent="muse"
2026-09-11T08:02:01.040952Z  INFO herdr::server::headless: client resize client_id=2 cols=213 rows=61 cell_width_px=0 cell_height_px=0
2026-09-11T08:02:01.156775Z  INFO herdr::server::headless: client resize client_id=2 cols=213 rows=61 cell_width_px=0 cell_height_px=0
2026-09-11T08:02:01.286752Z  INFO herdr::server::headless: client resize client_id=2 cols=213 rows=61 cell_width_px=0 cell_height_px=0
2026-09-11T08:10:11.117474Z  INFO herdr::server::headless: client resize client_id=2 cols=213 rows=62 cell_width_px=0 cell_height_px=0
2026-09-11T08:16:57.855288Z  WARN herdr::detect::manifest_update: skipping unknown remote manifest agent agent="muse"
2026-09-11T08:46:57.877474Z  WARN herdr::detect::manifest_update: skipping unknown remote manifest agent agent="muse"
2026-09-11T09:16:57.782007Z  WARN herdr::detect::manifest_update: skipping unknown remote manifest agent agent="muse"
2026-09-11T09:46:57.891417Z  WARN herdr::detect::manifest_update: skipping unknown remote manifest agent agent="muse"
2026-09-11T10:16:57.829817Z  WARN herdr::detect::manifest_update: skipping unknown remote manifest agent agent="muse"
2026-09-11T10:46:57.899122Z  WARN herdr::detect::manifest_update: skipping unknown remote manifest agent agent="muse"
2026-09-11T11:16:58.250882Z  WARN herdr::detect::manifest_update: skipping unknown remote manifest agent agent="muse"
2026-09-11T11:46:57.812108Z  WARN herdr::detect::manifest_update: skipping unknown remote manifest agent agent="muse"
2026-09-11T12:16:58.220518Z  WARN herdr::detect::manifest_update: skipping unknown remote manifest agent agent="muse"
2026-09-11T12:46:58.193696Z  WARN herdr::detect::manifest_update: skipping unknown remote manifest agent agent="muse"
2026-09-11T13:16:57.829475Z  WARN herdr::detect::manifest_update: skipping unknown remote manifest agent agent="muse"
2026-09-11T13:46:57.861593Z  WARN herdr::detect::manifest_update: skipping unknown remote manifest agent agent="muse"
2026-09-11T20:53:12.172580Z  WARN herdr::detect::manifest_update: skipping unknown remote manifest agent agent="muse"
2026-09-12T10:22:38.351408Z  WARN herdr::detect::manifest_update: skipping unknown remote manifest agent agent="muse"
2026-09-13T00:39:26.812686Z  WARN herdr::detect::manifest_update: skipping unknown remote manifest agent agent="muse"
2026-09-13T12:56:04.535879Z  WARN herdr::detect::manifest_update: skipping unknown remote manifest agent agent="muse"
2026-09-14T01:22:01.706958Z  WARN herdr::detect::manifest_update: skipping unknown remote manifest agent agent="letta"
2026-09-14T01:22:01.707113Z  WARN herdr::detect::manifest_update: skipping unknown remote manifest agent agent="muse"
2026-09-14T06:35:57.570231Z  WARN herdr::detect::manifest_update: skipping unknown remote manifest agent agent="letta"
2026-09-14T06:35:57.572143Z  WARN herdr::detect::manifest_update: skipping unknown remote manifest agent agent="muse"
2026-09-14T07:05:58.456694Z  WARN herdr::detect::manifest_update: skipping unknown remote manifest agent agent="letta"
2026-09-14T07:05:58.458165Z  WARN herdr::detect::manifest_update: skipping unknown remote manifest agent agent="muse"
2026-09-14T07:35:57.629227Z  WARN herdr::detect::manifest_update: skipping unknown remote manifest agent agent="letta"
2026-09-14T07:35:57.630181Z  WARN herdr::detect::manifest_update: skipping unknown remote manifest agent agent="muse"
2026-09-14T08:05:57.608804Z  WARN herdr::detect::manifest_update: skipping unknown remote manifest agent agent="letta"
2026-09-14T08:05:57.609220Z  WARN herdr::detect::manifest_update: skipping unknown remote manifest agent agent="muse"
2026-09-14T08:33:28.580138Z  INFO herdr::logging: spawning pane terminal event="pane.spawn.start" subsystem="pane" outcome="started" pane_id=17 rows=61 cols=187 scrollback_limit_bytes=10000000
2026-09-14T08:33:28.591594Z  INFO herdr::logging: pane child spawned event="pane.spawned" subsystem="pane" outcome="ok" pane_id=17 pid=25882
2026-09-14T08:33:28.597137Z  INFO herdr::logging: workspace created event="workspace.create" subsystem="workspace" outcome="ok" workspace_id="wP" pane_id=17
2026-09-14T08:33:28.597191Z  INFO herdr::logging: workspace focused event="workspace.focus" subsystem="workspace" outcome="ok" workspace_id="wP"
2026-09-14T08:33:28.597275Z  INFO herdr::logging: tab focused event="tab.focus" subsystem="tab" outcome="ok" workspace_id="wP" tab_id="wP:t1"
2026-09-14T08:33:33.605655Z  INFO herdr::logging: session saved event="persist.save" subsystem="persist" outcome="ok" path=/Users/siwe001/.config/herdr/session.json workspaces=9
2026-09-14T08:35:58.228426Z  WARN herdr::detect::manifest_update: skipping unknown remote manifest agent agent="letta"
2026-09-14T08:35:58.228487Z  WARN herdr::detect::manifest_update: skipping unknown remote manifest agent agent="muse"
2026-09-14T09:05:57.573898Z  WARN herdr::detect::manifest_update: skipping unknown remote manifest agent agent="letta"
2026-09-14T09:05:57.575312Z  WARN herdr::detect::manifest_update: skipping unknown remote manifest agent agent="muse"
2026-09-14T09:35:57.553078Z  WARN herdr::detect::manifest_update: skipping unknown remote manifest agent agent="letta"
2026-09-14T09:35:57.554797Z  WARN herdr::detect::manifest_update: skipping unknown remote manifest agent agent="muse"
2026-09-14T10:05:58.500396Z  WARN herdr::detect::manifest_update: skipping unknown remote manifest agent agent="letta"
2026-09-14T10:05:58.502176Z  WARN herdr::detect::manifest_update: skipping unknown remote manifest agent agent="muse"
2026-09-14T10:35:57.623035Z  WARN herdr::detect::manifest_update: skipping unknown remote manifest agent agent="letta"
2026-09-14T10:35:57.623998Z  WARN herdr::detect::manifest_update: skipping unknown remote manifest agent agent="muse"
2026-09-14T11:05:57.689387Z  WARN herdr::detect::manifest_update: skipping unknown remote manifest agent agent="letta"
2026-09-14T11:05:57.690571Z  WARN herdr::detect::manifest_update: skipping unknown remote manifest agent agent="muse"
2026-09-14T11:35:57.649921Z  WARN herdr::detect::manifest_update: skipping unknown remote manifest agent agent="letta"
2026-09-14T11:35:57.651406Z  WARN herdr::detect::manifest_update: skipping unknown remote manifest agent agent="muse"
2026-09-14T11:57:11.597807Z  INFO herdr::app::actions: copied double-clicked token to clipboard
2026-09-14T12:05:58.696609Z  WARN herdr::detect::manifest_update: skipping unknown remote manifest agent agent="letta"
2026-09-14T12:05:58.697707Z  WARN herdr::detect::manifest_update: skipping unknown remote manifest agent agent="muse"
2026-09-14T12:35:57.639808Z  WARN herdr::detect::manifest_update: skipping unknown remote manifest agent agent="letta"
2026-09-14T12:35:57.640995Z  WARN herdr::detect::manifest_update: skipping unknown remote manifest agent agent="muse"
2026-09-14T12:36:43.538802Z  INFO herdr::pane: agent changed pane=17 previous_agent=None agent=Some(Cursor) process=cursor pgid=Some(72631)
2026-09-14T12:36:52.153585Z  INFO herdr::logging: session saved event="persist.save" subsystem="persist" outcome="ok" path=/Users/siwe001/.config/herdr/session.json workspaces=9
2026-09-14T13:05:57.631574Z  WARN herdr::detect::manifest_update: skipping unknown remote manifest agent agent="letta"
2026-09-14T13:05:57.632251Z  WARN herdr::detect::manifest_update: skipping unknown remote manifest agent agent="muse"
2026-09-14T13:14:50.757776Z  INFO herdr::logging: workspace focused event="workspace.focus" subsystem="workspace" outcome="ok" workspace_id="wC"
2026-09-14T13:14:50.758487Z  INFO herdr::logging: tab focused event="tab.focus" subsystem="tab" outcome="ok" workspace_id="wC" tab_id="wC:t7"
2026-09-14T13:14:55.768234Z  INFO herdr::logging: session saved event="persist.save" subsystem="persist" outcome="ok" path=/Users/siwe001/.config/herdr/session.json workspaces=9
2026-09-14T13:16:21.147593Z  INFO herdr::server::headless: client resize client_id=2 cols=213 rows=64 cell_width_px=0 cell_height_px=0
2026-09-14T13:16:21.862660Z  INFO herdr::server::headless: client resize client_id=2 cols=213 rows=62 cell_width_px=0 cell_height_px=0
2026-09-14T13:19:48.890962Z  INFO herdr::logging: workspace focused event="workspace.focus" subsystem="workspace" outcome="ok" workspace_id="wP"
2026-09-14T13:19:48.893094Z  INFO herdr::logging: tab focused event="tab.focus" subsystem="tab" outcome="ok" workspace_id="wP" tab_id="wP:t1"
2026-09-14T13:19:50.532068Z  INFO herdr::pane: agent changed pane=17 previous_agent=Some(Cursor) agent=None pgid=Some(25882)
2026-09-14T13:19:51.303849Z  INFO herdr::logging: pane child exited event="pane.exit" subsystem="pane" outcome="completed" pane_id=17 status="ExitStatus { code: 0, signal: None }"
2026-09-14T13:19:51.304975Z  INFO herdr::pane: pane session terminated pane=17 pid=25882 signal=Hangup
2026-09-14T13:19:53.619664Z  INFO herdr::logging: pane child exited event="pane.exit" subsystem="pane" outcome="completed" pane_id=16 status="ExitStatus { code: 0, signal: None }"
2026-09-14T13:19:53.620238Z  INFO herdr::pane: pane session terminated pane=16 pid=2562 signal=Hangup
2026-09-14T13:19:54.102076Z  INFO herdr::logging: pane child exited event="pane.exit" subsystem="pane" outcome="completed" pane_id=15 status="ExitStatus { code: 0, signal: None }"
2026-09-14T13:19:54.102728Z  INFO herdr::pane: pane session terminated pane=15 pid=2403 signal=Hangup
2026-09-14T13:19:55.081083Z  INFO herdr::logging: pane child exited event="pane.exit" subsystem="pane" outcome="completed" pane_id=14 status="ExitStatus { code: 0, signal: None }"
2026-09-14T13:19:55.081786Z  INFO herdr::pane: pane session terminated pane=14 pid=2559 signal=Hangup
2026-09-14T13:19:55.617416Z  INFO herdr::logging: pane child exited event="pane.exit" subsystem="pane" outcome="completed" pane_id=13 status="ExitStatus { code: 0, signal: None }"
2026-09-14T13:19:55.618586Z  INFO herdr::pane: pane session terminated pane=13 pid=2391 signal=Hangup
2026-09-14T13:19:56.386866Z  INFO herdr::pane: agent changed pane=12 previous_agent=Some(Cursor) agent=None pgid=Some(2557)
2026-09-14T13:19:56.434115Z  INFO herdr::logging: pane child exited event="pane.exit" subsystem="pane" outcome="completed" pane_id=12 status="ExitStatus { code: 0, signal: None }"
2026-09-14T13:19:56.435002Z  INFO herdr::pane: pane session terminated pane=12 pid=2557 signal=Hangup
2026-09-14T13:19:57.255139Z  INFO herdr::logging: pane child exited event="pane.exit" subsystem="pane" outcome="completed" pane_id=11 status="ExitStatus { code: 0, signal: None }"
2026-09-14T13:19:57.256427Z  INFO herdr::pane: pane session terminated pane=11 pid=2387 signal=Hangup
2026-09-14T13:19:59.401612Z  INFO herdr::pane: agent changed pane=9 previous_agent=Some(Cursor) agent=None pgid=Some(2554)
2026-09-14T13:19:59.549171Z  INFO herdr::logging: pane child exited event="pane.exit" subsystem="pane" outcome="completed" pane_id=9 status="ExitStatus { code: 0, signal: None }"
2026-09-14T13:19:59.550220Z  INFO herdr::pane: pane session terminated pane=9 pid=2554 signal=Hangup
2026-09-14T13:20:00.638545Z  INFO herdr::logging: pane child exited event="pane.exit" subsystem="pane" outcome="completed" pane_id=8 status="ExitStatus { code: 0, signal: None }"
2026-09-14T13:20:00.639364Z  INFO herdr::pane: pane session terminated pane=8 pid=2380 signal=Hangup
2026-09-14T13:20:01.408977Z  INFO herdr::logging: pane child exited event="pane.exit" subsystem="pane" outcome="completed" pane_id=7 status="ExitStatus { code: 0, signal: None }"
2026-09-14T13:20:01.409398Z  INFO herdr::pane: pane session terminated pane=7 pid=2377 signal=Hangup
2026-09-14T13:20:03.022746Z  INFO herdr::pane: agent changed pane=6 previous_agent=Some(Cursor) agent=None pgid=Some(2542)
2026-09-14T13:20:04.147337Z  INFO herdr::logging: pane child exited event="pane.exit" subsystem="pane" outcome="completed" pane_id=6 status="ExitStatus { code: 0, signal: None }"
2026-09-14T13:20:04.147861Z  INFO herdr::pane: pane session terminated pane=6 pid=2542 signal=Hangup
2026-09-14T13:20:04.987921Z  INFO herdr::logging: pane child exited event="pane.exit" subsystem="pane" outcome="completed" pane_id=10 status="ExitStatus { code: 0, signal: None }"
2026-09-14T13:20:04.988756Z  INFO herdr::pane: pane session terminated pane=10 pid=2385 signal=Hangup
2026-09-14T13:20:06.197235Z  INFO herdr::logging: pane child exited event="pane.exit" subsystem="pane" outcome="completed" pane_id=5 status="ExitStatus { code: 0, signal: None }"
2026-09-14T13:20:06.198503Z  INFO herdr::pane: pane session terminated pane=5 pid=2374 signal=Hangup
2026-09-14T13:20:11.207883Z  INFO herdr::logging: session saved event="persist.save" subsystem="persist" outcome="ok" path=/Users/siwe001/.config/herdr/session.json workspaces=2
2026-09-14T13:20:45.942642Z  INFO herdr::logging: spawning pane terminal event="pane.spawn.start" subsystem="pane" outcome="started" pane_id=18 rows=61 cols=187 scrollback_limit_bytes=10000000
2026-09-14T13:20:45.950270Z  INFO herdr::logging: pane child spawned event="pane.spawned" subsystem="pane" outcome="ok" pane_id=18 pid=37999
2026-09-14T13:20:45.952570Z  INFO herdr::logging: workspace created event="workspace.create" subsystem="workspace" outcome="ok" workspace_id="wQ" pane_id=18
2026-09-14T13:20:45.952595Z  INFO herdr::logging: workspace focused event="workspace.focus" subsystem="workspace" outcome="ok" workspace_id="wQ"
2026-09-14T13:20:45.952627Z  INFO herdr::logging: tab focused event="tab.focus" subsystem="tab" outcome="ok" workspace_id="wQ" tab_id="wQ:t1"
2026-09-14T13:20:50.961605Z  INFO herdr::logging: session saved event="persist.save" subsystem="persist" outcome="ok" path=/Users/siwe001/.config/herdr/session.json workspaces=3
2026-09-14T13:21:53.785430Z  INFO herdr::logging: pane child exited event="pane.exit" subsystem="pane" outcome="completed" pane_id=18 status="ExitStatus { code: 0, signal: None }"
2026-09-14T13:21:53.786941Z  INFO herdr::pane: pane session terminated pane=18 pid=37999 signal=Hangup
2026-09-14T13:21:55.379730Z  INFO herdr::logging: spawning pane terminal event="pane.spawn.start" subsystem="pane" outcome="started" pane_id=19 rows=61 cols=187 scrollback_limit_bytes=10000000
2026-09-14T13:21:55.400662Z  INFO herdr::logging: pane child spawned event="pane.spawned" subsystem="pane" outcome="ok" pane_id=19 pid=39409
2026-09-14T13:21:55.403539Z  INFO herdr::logging: workspace created event="workspace.create" subsystem="workspace" outcome="ok" workspace_id="wR" pane_id=19
2026-09-14T13:21:55.403619Z  INFO herdr::logging: workspace focused event="workspace.focus" subsystem="workspace" outcome="ok" workspace_id="wR"
2026-09-14T13:21:55.403666Z  INFO herdr::logging: tab focused event="tab.focus" subsystem="tab" outcome="ok" workspace_id="wR" tab_id="wR:t1"
2026-09-14T13:22:00.416700Z  INFO herdr::logging: session saved event="persist.save" subsystem="persist" outcome="ok" path=/Users/siwe001/.config/herdr/session.json workspaces=3
2026-09-14T13:22:19.506837Z  INFO herdr::app::actions: copied double-clicked token to clipboard
2026-09-14T13:22:25.172811Z  INFO herdr::app::actions: copied double-clicked token to clipboard
2026-09-14T13:22:28.972945Z  INFO herdr::app::actions: copied double-clicked token to clipboard
2026-09-14T13:22:33.306241Z  INFO herdr::app::actions: copied double-clicked token to clipboard
2026-09-14T13:22:40.342990Z  INFO herdr::logging: pane child exited event="pane.exit" subsystem="pane" outcome="completed" pane_id=19 status="ExitStatus { code: 0, signal: None }"
2026-09-14T13:22:40.343941Z  INFO herdr::pane: pane session terminated pane=19 pid=39409 signal=Hangup
2026-09-14T13:22:45.349712Z  INFO herdr::logging: session saved event="persist.save" subsystem="persist" outcome="ok" path=/Users/siwe001/.config/herdr/session.json workspaces=2
2026-09-14T13:25:42.421584Z  INFO herdr::app::actions: copied selection to clipboard
2026-09-14T13:26:25.087778Z  INFO herdr::app::actions: copied selection to clipboard
2026-09-14T13:35:57.537828Z  WARN herdr::detect::manifest_update: skipping unknown remote manifest agent agent="letta"
2026-09-14T13:35:57.537934Z  WARN herdr::detect::manifest_update: skipping unknown remote manifest agent agent="muse"
2026-09-14T16:00:54.337102Z  WARN herdr::detect::manifest_update: skipping unknown remote manifest agent agent="letta"
2026-09-14T16:00:54.337386Z  WARN herdr::detect::manifest_update: skipping unknown remote manifest agent agent="muse"
2026-09-15T07:23:03.503758Z  WARN herdr::detect::manifest_update: skipping unknown remote manifest agent agent="letta"
2026-09-15T07:23:03.505165Z  WARN herdr::detect::manifest_update: skipping unknown remote manifest agent agent="muse"
2026-09-15T07:31:38.939600Z  INFO herdr::server::headless: client resize client_id=2 cols=213 rows=61 cell_width_px=0 cell_height_px=0
2026-09-15T07:31:39.091991Z  INFO herdr::server::headless: client resize client_id=2 cols=213 rows=61 cell_width_px=0 cell_height_px=0
2026-09-15T07:31:48.816056Z  INFO herdr::server::headless: client resize client_id=2 cols=213 rows=62 cell_width_px=0 cell_height_px=0
2026-09-15T07:31:49.209210Z  INFO herdr::server::headless: client resize client_id=2 cols=213 rows=62 cell_width_px=0 cell_height_px=0
2026-09-15T07:43:22.567397Z  INFO herdr::logging: spawning pane terminal event="pane.spawn.start" subsystem="pane" outcome="started" pane_id=20 rows=61 cols=187 scrollback_limit_bytes=10000000
2026-09-15T07:43:22.575786Z  INFO herdr::logging: pane child spawned event="pane.spawned" subsystem="pane" outcome="ok" pane_id=20 pid=6966
2026-09-15T07:43:22.579273Z  INFO herdr::logging: workspace created event="workspace.create" subsystem="workspace" outcome="ok" workspace_id="wS" pane_id=20
2026-09-15T07:43:22.579536Z  INFO herdr::logging: workspace focused event="workspace.focus" subsystem="workspace" outcome="ok" workspace_id="wS"
2026-09-15T07:43:22.579554Z  INFO herdr::logging: tab focused event="tab.focus" subsystem="tab" outcome="ok" workspace_id="wS" tab_id="wS:t1"
2026-09-15T07:43:27.592653Z  INFO herdr::logging: session saved event="persist.save" subsystem="persist" outcome="ok" path=/Users/siwe001/.config/herdr/session.json workspaces=3
2026-09-15T07:58:43.762541Z  WARN herdr::detect::manifest_update: skipping unknown remote manifest agent agent="letta"
2026-09-15T07:58:43.763668Z  WARN herdr::detect::manifest_update: skipping unknown remote manifest agent agent="muse"
2026-09-15T08:28:43.955201Z  WARN herdr::detect::manifest_update: skipping unknown remote manifest agent agent="letta"
2026-09-15T08:28:43.956258Z  WARN herdr::detect::manifest_update: skipping unknown remote manifest agent agent="muse"
2026-09-15T08:58:43.991866Z  WARN herdr::detect::manifest_update: skipping unknown remote manifest agent agent="letta"
2026-09-15T08:58:43.993226Z  WARN herdr::detect::manifest_update: skipping unknown remote manifest agent agent="muse"
2026-09-15T09:28:43.927547Z  WARN herdr::detect::manifest_update: skipping unknown remote manifest agent agent="letta"
2026-09-15T09:28:43.928750Z  WARN herdr::detect::manifest_update: skipping unknown remote manifest agent agent="muse"
2026-09-15T09:58:43.905539Z  WARN herdr::detect::manifest_update: skipping unknown remote manifest agent agent="letta"
2026-09-15T09:58:43.907635Z  WARN herdr::detect::manifest_update: skipping unknown remote manifest agent agent="muse"
2026-09-15T10:28:43.874891Z  WARN herdr::detect::manifest_update: skipping unknown remote manifest agent agent="letta"
2026-09-15T10:28:43.876627Z  WARN herdr::detect::manifest_update: skipping unknown remote manifest agent agent="muse"
2026-09-15T10:58:43.857923Z  WARN herdr::detect::manifest_update: skipping unknown remote manifest agent agent="letta"
2026-09-15T10:58:43.859790Z  WARN herdr::detect::manifest_update: skipping unknown remote manifest agent agent="muse"
2026-09-15T11:18:20.132360Z  INFO herdr::app::actions: copied double-clicked token to clipboard
2026-09-15T11:28:43.916193Z  WARN herdr::detect::manifest_update: skipping unknown remote manifest agent agent="letta"
2026-09-15T11:28:43.917477Z  WARN herdr::detect::manifest_update: skipping unknown remote manifest agent agent="muse"
2026-09-15T11:58:43.934226Z  WARN herdr::detect::manifest_update: skipping unknown remote manifest agent agent="letta"
2026-09-15T11:58:43.935297Z  WARN herdr::detect::manifest_update: skipping unknown remote manifest agent agent="muse"
2026-09-15T12:34:52.179778Z  INFO herdr::server::headless: client resize client_id=2 cols=213 rows=61 cell_width_px=0 cell_height_px=0
2026-09-15T12:34:52.333719Z  INFO herdr::server::headless: client resize client_id=2 cols=213 rows=61 cell_width_px=0 cell_height_px=0
2026-09-15T12:38:18.329304Z  INFO herdr::server::headless: client resize client_id=2 cols=213 rows=62 cell_width_px=0 cell_height_px=0
2026-09-15T12:38:18.442579Z  INFO herdr::server::headless: client resize client_id=2 cols=213 rows=62 cell_width_px=0 cell_height_px=0
2026-09-15T12:38:50.247388Z  WARN herdr::detect::manifest_update: skipping unknown remote manifest agent agent="letta"
2026-09-15T12:38:50.248008Z  WARN herdr::detect::manifest_update: skipping unknown remote manifest agent agent="muse"
2026-09-15T13:08:50.253563Z  WARN herdr::detect::manifest_update: skipping unknown remote manifest agent agent="letta"
2026-09-15T13:08:50.254817Z  WARN herdr::detect::manifest_update: skipping unknown remote manifest agent agent="muse"
2026-09-15T13:20:06.653444Z  INFO herdr::logging: spawning pane terminal event="pane.spawn.start" subsystem="pane" outcome="started" pane_id=21 rows=61 cols=187 scrollback_limit_bytes=10000000
2026-09-15T13:20:06.677806Z  INFO herdr::logging: pane child spawned event="pane.spawned" subsystem="pane" outcome="ok" pane_id=21 pid=1876
2026-09-15T13:20:06.680206Z  INFO herdr::logging: workspace created event="workspace.create" subsystem="workspace" outcome="ok" workspace_id="wT" pane_id=21
2026-09-15T13:20:06.680236Z  INFO herdr::logging: workspace focused event="workspace.focus" subsystem="workspace" outcome="ok" workspace_id="wT"
2026-09-15T13:20:06.680260Z  INFO herdr::logging: tab focused event="tab.focus" subsystem="tab" outcome="ok" workspace_id="wT" tab_id="wT:t1"
2026-09-15T13:20:11.717257Z  INFO herdr::logging: session saved event="persist.save" subsystem="persist" outcome="ok" path=/Users/siwe001/.config/herdr/session.json workspaces=4
2026-09-15T13:38:50.204694Z  WARN herdr::detect::manifest_update: skipping unknown remote manifest agent agent="letta"
2026-09-15T13:38:50.205285Z  WARN herdr::detect::manifest_update: skipping unknown remote manifest agent agent="muse"
2026-09-15T14:18:26.766351Z  INFO herdr::server::headless: client resize client_id=2 cols=213 rows=61 cell_width_px=0 cell_height_px=0
2026-09-15T14:18:26.879906Z  INFO herdr::server::headless: client resize client_id=2 cols=213 rows=61 cell_width_px=0 cell_height_px=0
2026-09-15T14:20:00.451857Z  WARN herdr::detect::manifest_update: skipping unknown remote manifest agent agent="letta"
2026-09-15T14:20:00.452207Z  WARN herdr::detect::manifest_update: skipping unknown remote manifest agent agent="muse"
2026-09-15T14:22:36.431176Z  INFO herdr::server::headless: client resize client_id=2 cols=213 rows=61 cell_width_px=0 cell_height_px=0
2026-09-15T14:22:36.987572Z  INFO herdr::server::headless: client resize client_id=2 cols=213 rows=62 cell_width_px=0 cell_height_px=0
2026-09-15T17:05:37.141002Z  WARN herdr::detect::manifest_update: agent detection manifest update failed: failed to fetch https://herdr.dev/agent-detection/index.toml
2026-09-15T21:24:15.635062Z  WARN herdr::detect::manifest_update: skipping unknown remote manifest agent agent="letta"
2026-09-15T21:24:15.644840Z  WARN herdr::detect::manifest_update: skipping unknown remote manifest agent agent="muse"
2026-09-16T06:15:50.487813Z  INFO herdr::server::headless: client resize client_id=2 cols=213 rows=61 cell_width_px=0 cell_height_px=0
2026-09-16T06:15:51.036799Z  INFO herdr::server::headless: client resize client_id=2 cols=213 rows=61 cell_width_px=0 cell_height_px=0
2026-09-16T06:15:51.203568Z  INFO herdr::server::headless: client resize client_id=2 cols=213 rows=61 cell_width_px=0 cell_height_px=0
2026-09-16T06:20:52.909209Z  INFO herdr::server::headless: client resize client_id=2 cols=213 rows=61 cell_width_px=0 cell_height_px=0
2026-09-16T06:20:53.321567Z  INFO herdr::server::headless: client resize client_id=2 cols=213 rows=62 cell_width_px=0 cell_height_px=0
2026-09-16T06:33:00.378136Z  WARN herdr::detect::manifest_update: skipping unknown remote manifest agent agent="letta"
2026-09-16T06:33:00.379632Z  WARN herdr::detect::manifest_update: skipping unknown remote manifest agent agent="muse"
2026-09-16T06:40:56.189040Z  INFO herdr::logging: spawning pane terminal event="pane.spawn.start" subsystem="pane" outcome="started" pane_id=22 rows=61 cols=187 scrollback_limit_bytes=10000000
2026-09-16T06:40:56.200535Z  INFO herdr::logging: pane child spawned event="pane.spawned" subsystem="pane" outcome="ok" pane_id=22 pid=52857
2026-09-16T06:40:56.203720Z  INFO herdr::logging: workspace created event="workspace.create" subsystem="workspace" outcome="ok" workspace_id="wV" pane_id=22
2026-09-16T06:40:56.203750Z  INFO herdr::logging: workspace focused event="workspace.focus" subsystem="workspace" outcome="ok" workspace_id="wV"
2026-09-16T06:40:56.203787Z  INFO herdr::logging: tab focused event="tab.focus" subsystem="tab" outcome="ok" workspace_id="wV" tab_id="wV:t1"
2026-09-16T06:41:01.217978Z  INFO herdr::logging: session saved event="persist.save" subsystem="persist" outcome="ok" path=/Users/siwe001/.config/herdr/session.json workspaces=5
2026-09-16T06:41:03.917931Z  INFO herdr::logging: pane child exited event="pane.exit" subsystem="pane" outcome="completed" pane_id=22 status="ExitStatus { code: 0, signal: None }"
2026-09-16T06:41:03.918630Z  INFO herdr::pane: pane session terminated pane=22 pid=52857 signal=Hangup
2026-09-16T06:41:08.925204Z  INFO herdr::logging: session saved event="persist.save" subsystem="persist" outcome="ok" path=/Users/siwe001/.config/herdr/session.json workspaces=4
